id,first_name,last_name,gender,personal_number,date_of_birth,date_of_death,email,phone,street,city,postal_code,legally_competent,benefits,relatives_contact,general_practitioner,notes,created,active,department_id,caregiver_id
1,Rawley,Rigolle,Male,2998,1963-03-31,,rrigolle0@marketwatch.com,+420783987164,6 Esch Plaza,Puyuan,,false,two,Rawley Rigolle,,,2023-03-18,false,2,3
2,Balduin,Milazzo,Male,4474,1955-09-12,,,+420920831195,6273 Bayside Terrace,Nuevo Berlín,,true,two,Balduin Milazzo,Balduin Milazzo,"Maecenas tristique, est et tempus semper, est quam pharetra magna, ac consequat metus sapien ut nunc. Vestibulum ante ipsum primis in faucibus orci luctus et ultrices posuere cubilia Curae; Mauris viverra diam vitae quam. Suspendisse potenti.",2017-12-27,true,3,18
3,Bren,Brandenburg,Male,4841,1966-03-05,,bbrandenburg2@cdbaby.com,+420788106070,70872 Hoepker Center,Semongkat,,true,two,Bren Brandenburg,Bren Brandenburg,,2022-05-19,true,4,8
4,Lavinie,Braven,Female,4019,1932-10-09,,lbraven3@twitter.com,+420012904641,234 Rockefeller Hill,Salerno,84124,false,two,Lavinie Braven,Lavinie Braven,,2024-11-09,true,2,7
5,Shepperd,Parkyn,Male,8055,1928-11-08,2013-06-06,sparkyn4@bbb.org,+420161473023,59 Harper Point,Gaosheng,,true,one,,Shepperd Parkyn,,2024-05-09,true,4,4
6,Vikki,Blankman,Female,8720,1940-01-26,2016-09-08,vblankman5@blinklist.com,+420820657688,87 Sutteridge Junction,Taquara,95600-000,true,two,Vikki Blankman,Vikki Blankman,,2020-11-20,false,2,4
7,Brandtr,Coenraets,Male,6059,1971-08-28,,,+420745155273,655 Barby Center,Caoyan,,true,one,Brandtr Coenraets,Brandtr Coenraets,,2023-10-09,true,4,12
8,Marys,Naris,Female,2336,1938-01-18,,mnaris7@google.pl,+420555028740,763 Lillian Place,Nurota Shahri,,false,two,,Marys Naris,,2018-03-29,false,3,21
9,Ertha,Tsarovic,Female,1631,1964-12-04,2012-05-21,etsarovic8@businessweek.com,+420770532405,00299 Bartelt Center,Balgatay,,true,none,Ertha Tsarovic,Ertha Tsarovic,,2020-10-11,false,2,15
10,Suzy,Dowbakin,Female,6368,1960-01-31,,sdowbakin9@cdbaby.com,+420227990269,6700 Springview Trail,Hejiadong,,true,none,Suzy Dowbakin,Suzy Dowbakin,,2017-10-19,false,3,13
11,Delainey,Saylor,Male,9899,1962-12-16,,,,70 Schmedeman Hill,Pegongan,,true,two,Delainey Saylor,Delainey Saylor,,2016-03-06,false,4,1
12,Alfred,Ditt,Male,2107,1937-09-11,,,,011 Hazelcrest Point,Rangmanten,,true,three,Alfred Ditt,Alfred Ditt,"Proin interdum mauris non ligula pellentesque ultrices. Phasellus id sapien in sapien iaculis congue. Vivamus metus arcu, adipiscing molestie, hendrerit at, vulputate vitae, nisl.",2015-09-13,true,3,16
13,Evered,Spurgeon,Male,8960,1950-03-08,,espurgeonc@mozilla.com,+420434025539,16 New Castle Place,Jasaan,9003,false,four,Evered Spurgeon,Evered Spurgeon,,2024-11-09,true,4,16
14,Cristy,Bratley,Female,3850,1949-06-18,,cbratleyd@flickr.com,+420006051746,5 Hoard Hill,Prior Velho,2685-314,true,four,Cristy Bratley,Cristy Bratley,,2019-02-22,false,2,2
15,Neddie,Cripwell,Male,3509,1965-03-31,2014-09-14,,+420681620497,75 Badeau Trail,Itéa,,true,two,Neddie Cripwell,Neddie Cripwell,,2024-02-04,false,1,12
16,Nev,Siverns,Male,1678,1962-04-09,2016-03-14,nsivernsf@wikia.com,+420268086285,6 2nd Hill,Kulary,366606,false,two,Nev Siverns,Nev Siverns,,2023-12-03,false,1,9
17,Therine,Gabriely,Female,9078,1938-09-02,,tgabrielyg@amazon.co.jp,+420700072386,91452 Scott Junction,Phùng,,false,four,Therine Gabriely,Therine Gabriely,,2022-06-23,true,3,18
18,Terese,Mitham,Female,1201,1972-06-27,2013-01-28,,+420514469897,469 Redwing Street,Paris 08,75390 CEDEX 08,true,four,Terese Mitham,Terese Mitham,,2025-06-12,true,3,23
19,Suzann,Matushevich,Female,7862,1941-05-11,2022-12-06,,+420204849030,4949 Lukken Court,Budapest,1062,false,none,Suzann Matushevich,Suzann Matushevich,,2017-07-16,true,2,13
20,Gideon,McNelis,Male,9005,1924-06-25,,gmcnelisj@canalblog.com,+420574878851,0 Mariners Cove Avenue,Tanjung Kidul,,true,four,Gideon McNelis,Gideon McNelis,,2021-07-20,true,3,23
21,Clara,Boak,Female,5158,1968-03-20,2009-12-06,cboakk@mozilla.com,,61 Doe Crossing Center,Ängelholm,262 57,false,three,Clara Boak,Clara Boak,,2025-09-17,false,2,11
22,Suki,Whooley,Female,7936,1923-10-25,,,+420613157452,72 Saint Paul Alley,Merke,,false,four,,Suki Whooley,"Phasellus sit amet erat. Nulla tempus. Vivamus in felis eu sapien cursus vestibulum.

Proin eu mi. Nulla ac enim. In tempor, turpis nec euismod scelerisque, quam turpis adipiscing lorem, vitae mattis nibh ligula nec sem.",2023-05-31,true,3,14
23,Ami,Brignell,Female,6075,1936-08-18,,abrignellm@latimes.com,+420119218271,42050 Carberry Hill,Heling,,false,four,,Ami Brignell,,2017-07-11,true,4,17
24,Peri,Drinkwater,Female,956,1955-01-04,2024-01-04,pdrinkwatern@bloglovin.com,+420044267604,5593 Scoville Alley,Mandepa Barat,,false,four,,Peri Drinkwater,,2020-01-10,true,4,10
25,Catlin,Boyse,Female,8347,1970-05-02,,cboyseo@goodreads.com,,29 Iowa Hill,Yili,,true,four,Catlin Boyse,Catlin Boyse,,2016-07-06,false,4,13
26,Lauretta,Morteo,Female,2332,1960-12-05,,lmorteop@prnewswire.com,+420575973000,3 Everett Street,Copa,,false,none,,,,2025-10-12,false,1,22
27,Ardella,De Fries,Female,8286,1929-08-17,,adeq@surveymonkey.com,+420916606036,287 International Way,Araruama,28970-000,true,three,Ardella De Fries,Ardella De Fries,,2025-04-06,false,1,20
28,Sig,Hearst,Male,2760,1929-12-06,,,+420556067053,86 Carey Lane,Biliran,6549,true,none,Sig Hearst,Sig Hearst,,2016-07-06,false,4,11
29,Ginnifer,Dunphie,Female,5905,1963-03-21,,,+420755851938,31 Pleasure Drive,Arpajon,91295 CEDEX,true,one,Ginnifer Dunphie,Ginnifer Dunphie,,2022-05-31,true,4,20
30,Giff,Fer,Male,3716,1967-03-03,,gfert@hugedomains.com,+420467084621,42 Emmet Park,Gonzalo,11404,true,four,Giff Fer,Giff Fer,,2020-10-30,false,1,6
31,Glendon,Agass,Male,4665,1965-10-04,,,+420686840222,78952 Delladonna Crossing,Xiadong,,false,one,,Glendon Agass,"Proin leo odio, porttitor id, consequat in, consequat ut, nulla. Sed accumsan felis. Ut at dolor quis odio consequat varius.",2021-01-28,false,3,4
32,Ronnica,Clifford,Female,2315,1969-12-21,,rcliffordv@de.vu,+420917906360,64559 Dottie Pass,Simo Satu,,false,four,Ronnica Clifford,Ronnica Clifford,,2024-05-08,true,1,1
33,Humbert,Hatcliffe,Male,7079,1943-08-11,,,+420121051397,64205 Coleman Park,Huyang,,true,four,Humbert Hatcliffe,Humbert Hatcliffe,,2024-06-16,false,2,9
34,Julina,Deek,Female,2551,1952-12-09,,jdeekx@state.gov,+420012784255,6 Amoth Alley,Solo,4203,true,two,,Julina Deek,,2016-02-28,true,1,4
35,Ruperta,Roycroft,Female,2283,1955-09-25,,rroycrofty@berkeley.edu,+420014038380,0297 Steensland Place,Luwan,,false,three,,Ruperta Roycroft,,2022-11-18,true,3,11
36,Anthony,Tolwood,Male,8827,1954-12-24,,atolwoodz@vinaora.com,,8521 Parkside Hill,Yinghua,,false,four,,,,2021-08-13,false,1,21
37,Hadleigh,Koppens,Male,9399,1924-11-16,,hkoppens10@sohu.com,+420356644014,04544 Welch Center,Dongqu,,true,none,,,,2025-06-27,false,3,24
38,Agnes,Folke,Female,4344,1963-01-26,,afolke11@vimeo.com,,82 Sommers Place,Dengzhou,,false,none,Agnes Folke,,,2020-03-25,true,4,4
39,Killie,Pescud,Male,3862,1933-03-16,,,+420264661388,43250 Anniversary Point,Buda-Kashalyova,,true,four,Killie Pescud,Killie Pescud,,2016-07-22,false,1,16
40,Westleigh,Ship,Male,5847,1941-11-15,,wship13@usda.gov,+420196961405,5403 Dahle Plaza,Liwale,,false,one,Westleigh Ship,Westleigh Ship,"Curabitur in libero ut massa volutpat convallis. Morbi odio odio, elementum eu, interdum eu, tincidunt in, leo. Maecenas pulvinar lobortis est.

Phasellus sit amet erat. Nulla tempus. Vivamus in felis eu sapien cursus vestibulum.",2020-03-09,false,1,13
41,Caty,Meharg,Female,1040,1966-06-03,,cmeharg14@amazon.co.jp,+420692165721,2 Pine View Drive,Bystřany,417 61,false,two,Caty Meharg,Caty Meharg,,2024-06-04,false,3,12
42,Patricia,Zellick,Female,8306,1944-07-23,2017-08-16,pzellick15@amazon.de,+420918426058,17169 Crest Line Road,Indaiatuba,13330-000,true,one,Patricia Zellick,,,2024-10-31,true,3,6
43,Lacy,Woodrough,Female,8706,1933-04-30,2005-07-12,,+420950582587,5 Eagle Crest Place,Kalmar,392 30,true,none,Lacy Woodrough,Lacy Woodrough,,2018-03-16,false,2,8
44,Solomon,Senton,Male,9459,1948-06-15,,,+420724764234,0 Sunfield Drive,Adstock,G0N,true,three,Solomon Senton,Solomon Senton,,2024-10-21,true,4,22
45,Bill,Dennistoun,Female,5026,1944-06-28,2009-01-11,bdennistoun18@berkeley.edu,+420023687467,46 Hayes Lane,Sunan,,true,two,Bill Dennistoun,Bill Dennistoun,,2021-06-12,false,4,15
46,Salome,Simmens,Female,1108,1973-04-11,,ssimmens19@wisc.edu,+420223834487,45238 Merchant Terrace,Camalote,,false,two,Salome Simmens,,,2021-05-21,true,1,6
47,Jacobo,Fidian,Male,1553,1920-07-20,,jfidian1a@list-manage.com,+420349877929,217 Orin Hill,Adzopé,,false,none,Jacobo Fidian,Jacobo Fidian,,2018-10-11,true,4,1
48,Bellanca,Partlett,Female,768,1952-01-21,,bpartlett1b@theatlantic.com,+420294125769,584 Fairview Alley,Gokwe,,false,four,Bellanca Partlett,Bellanca Partlett,,2015-08-04,false,3,3
49,Currie,Murison,Male,2182,1933-07-17,,cmurison1c@newsvine.com,+420003726911,997 Orin Pass,Dakoutun,,true,two,Currie Murison,Currie Murison,,2018-01-25,true,3,21
50,Pietrek,Cheke,Male,6287,1964-12-24,,,+420919855907,91 Beilfuss Center,Mainque,8326,false,three,,Pietrek Cheke,,2015-05-08,false,4,3
51,Sid,Lockton,Male,6192,1924-10-19,,,,1678 Hintze Terrace,Pagangan,4801,false,four,,Sid Lockton,,2021-05-22,true,1,8
52,Gothart,Geffinger,Male,5283,1921-02-25,,ggeffinger1f@example.com,+420214008406,7509 Comanche Alley,Enskede,122 44,false,three,,Gothart Geffinger,,2020-01-14,true,4,1
53,Dagny,Jewster,Male,7155,1925-10-29,,djewster1g@yahoo.com,+420191540373,2 Loeprich Street,Rongkou,,false,one,Dagny Jewster,Dagny Jewster,"In hac habitasse platea dictumst. Morbi vestibulum, velit id pretium iaculis, diam erat fermentum justo, nec condimentum neque sapien placerat ante. Nulla justo.

Aliquam quis turpis eget elit sodales scelerisque. Mauris sit amet eros. Suspendisse accumsan tortor quis turpis.",2023-09-11,true,4,21
54,Demetrius,Chrippes,Male,6124,1940-08-27,2006-09-28,dchrippes1h@virginia.edu,+420855346882,99 Miller Alley,Nouâdhibou,,false,one,,Demetrius Chrippes,,2023-08-01,true,1,10
55,Ivette,Ealam,Female,4854,1934-02-10,,iealam1i@godaddy.com,+420927745760,03181 Hagan Avenue,Romans-sur-Isère,26109 CEDEX,false,none,,Ivette Ealam,"Proin eu mi. Nulla ac enim. In tempor, turpis nec euismod scelerisque, quam turpis adipiscing lorem, vitae mattis nibh ligula nec sem.

Duis aliquam convallis nunc. Proin at turpis a pede posuere nonummy. Integer non velit.",2016-08-29,true,3,2
56,Creight,Houlston,Male,7678,1955-08-28,2005-04-06,choulston1j@dell.com,,97526 Surrey Crossing,Pichilemu,,false,three,Creight Houlston,Creight Houlston,,2019-03-29,true,4,2
57,Glynda,Musker,Female,7588,1927-12-31,,gmusker1k@buzzfeed.com,+420309631864,2885 Barnett Crossing,Raman,95140,false,none,Glynda Musker,Glynda Musker,"Duis bibendum. Morbi non quam nec dui luctus rutrum. Nulla tellus.

In sagittis dui vel nisl. Duis ac nibh. Fusce lacus purus, aliquet at, feugiat non, pretium quis, lectus.

Suspendisse potenti. In eleifend quam a odio. In hac habitasse platea dictumst.",2025-05-27,false,3,20
58,Guendolen,Towersey,Female,5846,1970-07-17,2016-03-21,gtowersey1l@youku.com,,1204 Montana Circle,Zhongbao,,false,four,Guendolen Towersey,Guendolen Towersey,,2024-02-24,true,1,13
59,Izzy,Ledingham,Male,6132,1927-03-11,,iledingham1m@fastcompany.com,,1979 Oriole Terrace,Caçador,89500-000,false,two,Izzy Ledingham,,,2019-05-01,true,4,7
60,Gussie,Sotheron,Female,6728,1952-10-10,,,+420272034166,230 Parkside Place,Vavoua,,false,three,Gussie Sotheron,Gussie Sotheron,,2023-11-27,true,3,3
61,Avigdor,Boarer,Male,5376,1959-10-03,2005-02-22,,,2648 Sugar Pass,Mississauga,L5W,true,none,,Avigdor Boarer,,2016-12-17,true,1,5
62,Sissy,Chillistone,Female,5307,1974-10-02,2024-11-05,schillistone1p@nih.gov,+420663333232,045 Holy Cross Trail,Djibouti,,false,four,,Sissy Chillistone,,2020-04-15,true,4,7
63,Winfield,Kruschov,Male,5013,1922-02-08,,wkruschov1q@prlog.org,+420649755181,95 Sherman Terrace,Poja Nae,,false,four,,,,2016-02-08,true,4,2
64,Kenn,Reide,Male,4197,1930-02-23,,kreide1r@irs.gov,+420777727295,305 Bonner Place,Ocho Rios,,false,three,Kenn Reide,Kenn Reide,,2022-07-12,true,4,11
65,Morton,Quinney,Male,8111,1936-05-13,,,+420152948168,64 Anniversary Way,Gombang,,false,two,Morton Quinney,Morton Quinney,,2016-01-25,false,4,23
66,Claretta,Eldredge,Female,4886,1965-11-04,,celdredge1t@hhs.gov,+420430835507,62 American Ash Terrace,Nyanza,,false,two,,Claretta Eldredge,,2018-05-24,false,3,7
67,Cissy,Vannikov,Female,3698,1959-05-22,,cvannikov1u@bloglovin.com,,1057 Sutherland Junction,Mahajanga,,true,four,Cissy Vannikov,,,2020-12-08,true,2,2
68,Ludovika,Bawle,Female,8980,1970-04-24,,,+420491492959,7094 Moland Place,Watubuku,,true,three,Ludovika Bawle,Ludovika Bawle,,2022-03-23,true,4,22
69,Blondell,Bain,Female,3663,1946-01-18,,bbain1w@omniture.com,+420624770738,86690 New Castle Drive,Matanzas,,false,two,Blondell Bain,Blondell Bain,,2022-06-17,false,1,10
70,Koenraad,Delnevo,Male,9855,1944-08-12,2022-04-12,kdelnevo1x@typepad.com,+420301365158,99958 Kings Alley,Zhangzhishan,,false,none,Koenraad Delnevo,Koenraad Delnevo,,2018-10-17,false,3,24
71,Elsbeth,Quinane,Female,7517,1954-04-13,,equinane1y@feedburner.com,,3 Bunker Hill Terrace,Kesambilerenkrajan,,false,none,Elsbeth Quinane,,,2022-08-09,false,4,10
72,Ekaterina,Cadding,Female,6729,1963-01-24,2020-02-15,,+420270752064,44734 John Wall Terrace,Rokoy,,true,three,Ekaterina Cadding,Ekaterina Cadding,,2015-08-25,true,1,13
73,Marcelline,Terzza,Female,7974,1942-08-30,,mterzza20@multiply.com,+420640333741,4 Vernon Road,Ford,GL54,true,one,Marcelline Terzza,Marcelline Terzza,,2023-03-23,false,3,2
74,Torre,Adamsen,Male,3851,1927-07-06,,tadamsen21@cpanel.net,+420733812364,9648 Service Street,Prakhon Chai,31140,true,none,,Torre Adamsen,,2025-08-16,false,1,6
75,Kala,Clara,Female,9078,1945-08-07,2008-06-22,,+420166075137,9168 East Avenue,Petiga,,true,three,Kala Clara,Kala Clara,,2018-12-13,false,3,12
76,Nessa,Hacon,Female,3943,1959-12-25,,nhacon23@si.edu,,87 Browning Center,Camilo Aldao,5285,true,four,Nessa Hacon,Nessa Hacon,,2017-05-01,false,4,19
77,Heddie,Strongitharm,Female,2913,1950-11-03,,hstrongitharm24@theglobeandmail.com,+420603585131,4641 Holy Cross Drive,Bello,051059,false,four,Heddie Strongitharm,,,2017-04-09,false,4,7
78,Nonna,Cavalier,Female,8700,1965-01-21,,,+420260221482,11032 Forest Plaza,Johor Bahru,80600,true,one,Nonna Cavalier,Nonna Cavalier,,2018-04-09,false,2,14
79,Seymour,Blazevic,Male,3494,1961-05-05,,sblazevic26@pagesperso-orange.fr,+420258322654,87654 Merry Terrace,Ngô Đồng,,true,two,,Seymour Blazevic,,2020-10-20,false,3,3
80,Silvana,Tilzey,Female,4333,1954-10-03,,,+420645832064,3535 International Center,Töreboda,545 35,false,three,Silvana Tilzey,Silvana Tilzey,"Mauris enim leo, rhoncus sed, vestibulum sit amet, cursus id, turpis. Integer aliquet, massa id lobortis convallis, tortor risus dapibus augue, vel accumsan tellus nisi eu orci. Mauris lacinia sapien quis libero.",2015-05-15,true,2,11
81,Borden,Stain,Male,7788,1924-08-30,,,+420025494996,4 Glendale Drive,Xianghe,,true,four,Borden Stain,Borden Stain,,2025-06-29,true,2,1
82,Ashbey,Benes,Male,6301,1927-01-22,,abenes29@istockphoto.com,,38 Kingsford Way,Pradera,763558,true,none,,Ashbey Benes,,2023-01-09,true,1,16
83,Opalina,Jost,Female,4138,1938-12-26,,ojost2a@webs.com,+420967637029,42 Armistice Parkway,Jiukou,,false,one,Opalina Jost,Opalina Jost,,2025-03-24,false,4,17
84,Romy,Francino,Female,8754,1926-07-03,,rfrancino2b@bbb.org,+420498971133,202 Pine View Street,Flores da Cunha,95270-000,false,three,,Romy Francino,,2022-01-11,false,1,5
85,Emilio,De Roeck,Male,3664,1937-05-30,2009-10-19,,+420782491961,4 Pennsylvania Terrace,Kailahun,,false,none,Emilio De Roeck,Emilio De Roeck,,2017-02-04,false,2,2
86,Sonia,Josupeit,Female,4912,1929-08-11,,,+420632632618,6 Anthes Circle,Xingtai,,false,three,Sonia Josupeit,Sonia Josupeit,"Cras mi pede, malesuada in, imperdiet et, commodo vulputate, justo. In blandit ultrices enim. Lorem ipsum dolor sit amet, consectetuer adipiscing elit.",2021-08-17,true,4,12
87,Marven,Bamsey,Male,2425,1929-04-18,,,+420889471991,228 5th Way,Tuanjie,,false,two,Marven Bamsey,Marven Bamsey,,2025-07-24,true,1,3
88,Ronda,Rubery,Female,7435,1971-02-27,,,+420202875704,14 Bobwhite Park,Huaizhong,,false,one,Ronda Rubery,Ronda Rubery,,2024-04-12,false,1,2
89,Phillipp,Pearcehouse,Male,2204,1975-07-11,,ppearcehouse2g@noaa.gov,+420840642187,83463 Rieder Drive,Were,,true,none,Phillipp Pearcehouse,Phillipp Pearcehouse,,2020-07-13,true,1,18
90,Georgetta,McNay,Female,1309,1926-07-07,,gmcnay2h@wix.com,,61817 Stuart Plaza,Xian’an,,false,four,Georgetta McNay,Georgetta McNay,,2024-12-15,true,4,16
91,Ulrika,Pepye,Female,3054,1965-12-26,,upepye2i@samsung.com,+420360720047,5 Talisman Circle,Sihe,,false,none,,Ulrika Pepye,,2016-09-03,false,4,20
92,Rik,Dall,Male,9894,1953-12-21,2013-08-01,rdall2j@nbcnews.com,+420293255967,2 Arrowood Circle,Amagbagan,2437,true,four,,,"Maecenas leo odio, condimentum id, luctus nec, molestie sed, justo. Pellentesque viverra pede ac diam. Cras pellentesque volutpat dui.

Maecenas tristique, est et tempus semper, est quam pharetra magna, ac consequat metus sapien ut nunc. Vestibulum ante ipsum primis in faucibus orci luctus et ultrices posuere cubilia Curae; Mauris viverra diam vitae quam. Suspendisse potenti.

Nullam porttitor lacus at turpis. Donec posuere metus vitae ipsum. Aliquam non mauris.",2025-05-25,true,2,15
93,Yetty,Garnson,Female,7624,1973-07-26,,ygarnson2k@whitehouse.gov,+420695923049,37 Elka Circle,Comallo,8416,false,two,Yetty Garnson,Yetty Garnson,,2017-04-25,true,2,18
94,Corny,Rockcliff,Female,1834,1937-12-15,2015-10-31,,+420895853914,8 Sheridan Pass,Salam,,false,none,Corny Rockcliff,Corny Rockcliff,,2020-01-25,false,1,11
95,Rodge,Rosendale,Male,3739,1970-09-27,,rrosendale2m@istockphoto.com,+420037427785,5798 Del Mar Lane,Lanchyn,,false,two,Rodge Rosendale,Rodge Rosendale,,2015-04-29,true,2,13
96,Guillermo,Englishby,Male,9434,1956-02-13,,genglishby2n@github.com,+420788265203,89919 Dixon Junction,Tsuruga,957-0355,true,three,Guillermo Englishby,Guillermo Englishby,"Etiam vel augue. Vestibulum rutrum rutrum neque. Aenean auctor gravida sem.

Praesent id massa id nisl venenatis lacinia. Aenean sit amet justo. Morbi ut odio.",2019-09-05,true,3,1
97,Berton,Trowsdall,Male,2721,1964-06-12,,btrowsdall2o@symantec.com,,89 Messerschmidt Hill,Arivonimamo,,false,four,Berton Trowsdall,Berton Trowsdall,,2019-07-13,true,2,9
98,Suzette,Harse,Female,5842,1966-12-25,,sharse2p@cisco.com,+420692415736,359 Lunder Terrace,Sepit,,true,none,,Suzette Harse,,2016-05-04,true,3,11
99,Berti,Laurant,Male,2680,1954-02-19,,blaurant2q@imdb.com,,07 Garrison Drive,Blokdesa Situgede,,true,one,Berti Laurant,Berti Laurant,,2022-09-24,false,4,24
100,Ricki,Noonan,Female,3864,1971-04-05,2021-05-04,rnoonan2r@guardian.co.uk,+420109536215,2940 Merrick Plaza,Betong,95110,true,three,,Ricki Noonan,"Nullam porttitor lacus at turpis. Donec posuere metus vitae ipsum. Aliquam non mauris.

Morbi non lectus. Aliquam sit amet diam in magna bibendum imperdiet. Nullam orci pede, venenatis non, sodales sed, tincidunt eu, felis.",2023-02-03,false,2,7
101,Rollins,Durdy,Male,5575,1961-03-02,,rdurdy2s@nsw.gov.au,+420117201111,89 Packers Point,Jevišovice,671 53,true,none,Rollins Durdy,Rollins Durdy,,2016-12-13,false,3,9
102,Trista,Beams,Female,898,1974-11-14,,tbeams2t@weibo.com,,7468 Annamark Parkway,Limbuš,2341,false,two,Trista Beams,Trista Beams,"Mauris enim leo, rhoncus sed, vestibulum sit amet, cursus id, turpis. Integer aliquet, massa id lobortis convallis, tortor risus dapibus augue, vel accumsan tellus nisi eu orci. Mauris lacinia sapien quis libero.

Nullam sit amet turpis elementum ligula vehicula consequat. Morbi a ipsum. Integer a nibh.",2015-01-16,false,1,1
103,Eleonore,Welberry,Female,5633,1938-10-06,,ewelberry2u@nba.com,,9464 Village Green Street,Uppsala,753 81,true,three,Eleonore Welberry,Eleonore Welberry,,2022-03-02,false,1,9
104,Frieda,Dawkes,Female,6570,1972-12-29,,fdawkes2v@friendfeed.com,+420112099817,424 Almo Terrace,Zorak,,false,none,,Frieda Dawkes,,2019-01-10,true,4,6
105,Eveline,Kobpa,Female,8635,1949-10-11,2005-02-22,ekobpa2w@newsvine.com,,375 Banding Pass,Dueñas,5040,true,two,Eveline Kobpa,Eveline Kobpa,,2015-01-03,false,2,13
106,Aaron,Sellack,Male,2659,1968-04-01,,,+420849033420,8991 Londonderry Way,Kirovohrad,,true,two,Aaron Sellack,,,2021-09-18,true,3,16
107,Cherin,Rabbitts,Female,501,1968-11-22,,crabbitts2y@ftc.gov,+420217418996,95334 Golden Leaf Drive,Kangping,,false,two,Cherin Rabbitts,Cherin Rabbitts,,2024-01-03,true,3,12
108,Saw,Leavens,Male,2108,1935-05-11,,sleavens2z@chronoengine.com,,00181 Summit Junction,Horvati,10436,false,four,,Saw Leavens,,2016-11-13,false,3,19
109,Willabella,Malkinson,Female,9242,1967-09-29,,wmalkinson30@bloglines.com,+420465504007,1 Prairieview Avenue,Balin,,false,one,,Willabella Malkinson,,2020-02-18,false,1,4
110,Carlin,Dufour,Male,4906,1971-04-08,,cdufour31@skype.com,+420045762619,997 Main Court,Pericik,,true,three,Carlin Dufour,Carlin Dufour,,2023-05-05,false,3,12
111,Eudora,Rhelton,Female,4006,1949-01-09,2023-03-13,erhelton32@geocities.com,+420242092803,230 Arizona Center,Vårdö,22840,true,two,,Eudora Rhelton,,2019-12-17,true,3,14
112,Jameson,Jurn,Male,2382,1961-05-08,,jjurn33@alexa.com,+420261109508,92 Drewry Street,Zliten,,true,four,Jameson Jurn,Jameson Jurn,,2018-05-31,true,3,23
113,Aurel,Salandino,Female,2823,1953-06-11,,asalandino34@wiley.com,+420606581515,2387 Daystar Center,Lebyazh’ye,641500,false,none,Aurel Salandino,Aurel Salandino,,2024-04-25,true,3,17
114,Sapphira,Pashenkov,Female,5465,1953-12-05,,,+420632267619,71 Mosinee Place,Samanggen,,false,three,Sapphira Pashenkov,Sapphira Pashenkov,,2019-11-02,false,4,9
115,Laurence,Nutten,Male,6270,1962-05-18,,lnutten36@csmonitor.com,,9 Nobel Drive,Baton Rouge,70826,false,none,,,,2020-07-24,false,2,14
116,Boony,Adamson,Male,8063,1952-02-08,,,+420493653872,93899 Rieder Alley,Jilili,,true,four,Boony Adamson,,"Morbi non lectus. Aliquam sit amet diam in magna bibendum imperdiet. Nullam orci pede, venenatis non, sodales sed, tincidunt eu, felis.

Fusce posuere felis sed lacus. Morbi sem mauris, laoreet ut, rhoncus aliquet, pulvinar sed, nisl. Nunc rhoncus dui vel sem.",2024-02-02,true,4,23
117,Justinian,Eastope,Male,1221,1964-09-30,,jeastope38@people.com.cn,+420270148818,1 Talisman Park,Ramos,2311,false,one,Justinian Eastope,Justinian Eastope,"In quis justo. Maecenas rhoncus aliquam lacus. Morbi quis tortor id nulla ultrices aliquet.

Maecenas leo odio, condimentum id, luctus nec, molestie sed, justo. Pellentesque viverra pede ac diam. Cras pellentesque volutpat dui.",2015-03-09,false,3,15
118,Teodor,Pelling,Male,3208,1943-10-14,,tpelling39@dagondesign.com,+420826554374,8714 Crowley Point,Tianta,,false,three,Teodor Pelling,Teodor Pelling,,2022-09-04,false,2,15
119,Tucker,Carpmile,Male,4902,1949-02-09,,tcarpmile3a@scientificamerican.com,+420770983549,13 Bunting Terrace,Lexington,40515,false,two,Tucker Carpmile,Tucker Carpmile,,2017-04-23,true,4,23
120,Chandler,Coultish,Male,4373,1926-11-01,2023-04-07,ccoultish3b@reuters.com,+420563824328,108 South Point,Ncue,,true,none,,Chandler Coultish,,2016-07-11,true,3,8
121,Una,Godfroy,Female,5205,1930-12-17,,ugodfroy3c@aol.com,,01 Vermont Pass,Zhaoyuan,,true,two,Una Godfroy,Una Godfroy,,2022-06-15,false,1,10
122,Mariska,Bonder,Female,6588,1960-07-09,,mbonder3d@etsy.com,+420743756607,33287 Lighthouse Bay Crossing,Nakonde,,true,two,,Mariska Bonder,,2022-01-12,false,2,8
123,Newton,Halleybone,Male,4285,1926-03-31,,nhalleybone3e@trellian.com,+420048298979,05 Dunning Junction,Payao,7008,false,four,Newton Halleybone,Newton Halleybone,"Maecenas leo odio, condimentum id, luctus nec, molestie sed, justo. Pellentesque viverra pede ac diam. Cras pellentesque volutpat dui.

Maecenas tristique, est et tempus semper, est quam pharetra magna, ac consequat metus sapien ut nunc. Vestibulum ante ipsum primis in faucibus orci luctus et ultrices posuere cubilia Curae; Mauris viverra diam vitae quam. Suspendisse potenti.

Nullam porttitor lacus at turpis. Donec posuere metus vitae ipsum. Aliquam non mauris.",2018-08-26,true,4,10
124,Kessia,Feldman,Female,7404,1969-04-15,,,+420399650087,8 Eggendart Drive,Sernur,425479,false,none,,Kessia Feldman,,2024-11-16,false,4,1
125,Rois,Bockh,Female,2294,1924-06-19,,rbockh3g@drupal.org,+420336876566,72707 Shoshone Terrace,Huangbei,,false,two,Rois Bockh,Rois Bockh,"Phasellus in felis. Donec semper sapien a libero. Nam dui.

Proin leo odio, porttitor id, consequat in, consequat ut, nulla. Sed accumsan felis. Ut at dolor quis odio consequat varius.

Integer ac leo. Pellentesque ultrices mattis odio. Donec vitae nisi.",2018-05-16,true,4,16
126,Osbourne,Pymar,Male,5932,1950-04-15,2020-07-01,opymar3h@cbsnews.com,+420434629932,826 Dovetail Junction,Batangtoru,,false,none,Osbourne Pymar,Osbourne Pymar,"Proin leo odio, porttitor id, consequat in, consequat ut, nulla. Sed accumsan felis. Ut at dolor quis odio consequat varius.

Integer ac leo. Pellentesque ultrices mattis odio. Donec vitae nisi.

Nam ultrices, libero non mattis pulvinar, nulla pede ullamcorper augue, a suscipit nulla elit ac nulla. Sed vel enim sit amet nunc viverra dapibus. Nulla suscipit ligula in lacus.",2017-06-05,true,4,23
127,Noelyn,Zealey,Female,4276,1964-07-13,,nzealey3i@irs.gov,,83192 Sauthoff Court,Heung-hai,,false,four,Noelyn Zealey,Noelyn Zealey,,2015-01-13,true,3,5
128,Granville,Gallally,Male,1050,1938-04-30,,ggallally3j@cbsnews.com,+420997828371,3417 Memorial Point,Provins,77484 CEDEX,true,four,,Granville Gallally,,2017-12-02,false,4,17
129,Lyon,Ricks,Male,7810,1929-05-19,,,+420705017401,9157 Arizona Center,Qiangqinxue,,true,none,Lyon Ricks,Lyon Ricks,"Phasellus sit amet erat. Nulla tempus. Vivamus in felis eu sapien cursus vestibulum.

Proin eu mi. Nulla ac enim. In tempor, turpis nec euismod scelerisque, quam turpis adipiscing lorem, vitae mattis nibh ligula nec sem.

Duis aliquam convallis nunc. Proin at turpis a pede posuere nonummy. Integer non velit.",2022-09-08,true,3,1
130,Tiphany,Heinle,Female,6499,1963-12-02,2019-06-13,theinle3l@bbb.org,+420956059501,68 Goodland Parkway,Idenao,,true,one,,Tiphany Heinle,,2019-02-12,false,2,3
131,Juline,Sebert,Female,9947,1961-03-10,,jsebert3m@reverbnation.com,+420840350884,9083 Prairie Rose Pass,Zambujeira do Mar,7630-765,false,one,,Juline Sebert,,2021-03-18,true,1,21
132,Howie,Poston,Male,1268,1946-12-27,,hposton3n@e-recht24.de,+420081671527,4957 Fisk Terrace,Arapiraca,57300-000,false,none,Howie Poston,Howie Poston,"In hac habitasse platea dictumst. Etiam faucibus cursus urna. Ut tellus.

Nulla ut erat id mauris vulputate elementum. Nullam varius. Nulla facilisi.

Cras non velit nec nisi vulputate nonummy. Maecenas tincidunt lacus at velit. Vivamus vel nulla eget eros elementum pellentesque.",2025-07-10,false,2,4
133,Lolita,Busek,Female,2741,1970-01-25,,lbusek3o@reddit.com,+420658127786,6644 Morningstar Alley,Darungan,,true,none,Lolita Busek,Lolita Busek,Etiam vel augue. Vestibulum rutrum rutrum neque. Aenean auctor gravida sem.,2016-05-23,true,4,1
134,Rex,Philippon,Male,1291,1968-10-14,,rphilippon3p@miibeian.gov.cn,+420029818145,663 Washington Drive,Wang Nam Yen,27120,false,three,Rex Philippon,Rex Philippon,,2025-02-13,false,1,6
135,Christophorus,Glentz,Male,279,1974-01-10,,cglentz3q@intel.com,+420526900829,93 Redwing Hill,Simao,,true,one,Christophorus Glentz,Christophorus Glentz,Fusce consequat. Nulla nisl. Nunc nisl.,2024-05-11,true,2,13
136,Elenore,Kiendl,Female,6506,1955-08-21,2021-01-16,,+420526999429,46170 Nobel Parkway,Karangdawa Barat,,false,four,Elenore Kiendl,Elenore Kiendl,,2019-11-01,false,1,10
137,Nettie,Leydon,Female,8343,1956-11-25,2016-03-22,nleydon3s@ucsd.edu,+420969923042,6 Delaware Place,Ridder,,true,four,Nettie Leydon,Nettie Leydon,,2015-02-04,true,3,8
138,Isidora,Kunzelmann,Female,3931,1956-07-08,,ikunzelmann3t@bizjournals.com,+420780816462,8623 5th Circle,Bayt Qād,,false,one,Isidora Kunzelmann,Isidora Kunzelmann,,2019-07-14,true,1,4
139,Sanford,Claiden,Male,2826,1966-08-05,,sclaiden3u@loc.gov,+420872509950,4 Kipling Street,San Antonio Huista,13024,true,none,Sanford Claiden,Sanford Claiden,,2022-07-25,false,2,15
140,Dur,Leather,Male,2768,1959-09-12,,,+420790825749,8451 Homewood Parkway,Ḩukūmat-e Shīnkaī,,false,two,Dur Leather,Dur Leather,,2018-05-18,true,1,5
141,Tatum,Bulfit,Female,1632,1974-04-21,,tbulfit3w@trellian.com,+420306853939,319 Browning Parkway,Dajin,,true,four,Tatum Bulfit,,,2019-05-17,true,2,19
142,Rabi,McSperron,Male,6850,1966-11-05,,,+420617103288,10 South Way,Motygino,157944,false,one,Rabi McSperron,Rabi McSperron,,2022-04-09,false,4,2
143,Eloisa,Rama,Female,6782,1963-06-18,2009-05-22,,,8940 Caliangt Way,Skene,511 81,false,three,Eloisa Rama,,"Proin interdum mauris non ligula pellentesque ultrices. Phasellus id sapien in sapien iaculis congue. Vivamus metus arcu, adipiscing molestie, hendrerit at, vulputate vitae, nisl.",2015-09-16,true,1,7
144,Devlin,Etchingham,Male,5,1960-07-29,,detchingham3z@oracle.com,+420601968993,71874 High Crossing Drive,Masantol,2017,false,none,Devlin Etchingham,,"Aenean lectus. Pellentesque eget nunc. Donec quis orci eget orci vehicula condimentum.

Curabitur in libero ut massa volutpat convallis. Morbi odio odio, elementum eu, interdum eu, tincidunt in, leo. Maecenas pulvinar lobortis est.",2019-04-03,false,3,6
145,Derby,Danton,Male,1833,1953-06-16,,ddanton40@ow.ly,+420272596533,2032 Ruskin Court,Tshaneni,,false,four,,Derby Danton,,2017-07-22,true,1,8
146,Blondie,MacRorie,Female,2448,1957-12-04,2024-12-29,bmacrorie41@surveymonkey.com,+420479211230,7908 Clemons Place,Castlemartyr,H71,true,four,Blondie MacRorie,,,2025-09-24,false,1,6
147,Caroljean,Topper,Female,1907,1944-01-27,,,+420894304753,1873 4th Pass,Cuauhtemoc,87426,true,one,,Caroljean Topper,"In hac habitasse platea dictumst. Etiam faucibus cursus urna. Ut tellus.

Nulla ut erat id mauris vulputate elementum. Nullam varius. Nulla facilisi.

Cras non velit nec nisi vulputate nonummy. Maecenas tincidunt lacus at velit. Vivamus vel nulla eget eros elementum pellentesque.",2015-01-10,true,3,6
148,Guinevere,Passie,Female,7517,1923-08-14,,,+420736747192,48 Anthes Way,Dualing,1103,false,two,Guinevere Passie,,,2022-07-03,false,4,1
149,Cindi,Aubin,Female,9735,1934-06-20,,caubin44@twitpic.com,,540 Novick Crossing,Baruchowo,87-821,false,three,Cindi Aubin,,Pellentesque at nulla. Suspendisse potenti. Cras in purus eu magna vulputate luctus.,2022-05-17,true,3,6
150,Connie,Cotter,Male,1641,1924-12-10,2019-10-07,,+420181785214,3 Carey Crossing,Heshan,,false,four,Connie Cotter,,,2015-07-16,true,3,10
151,Taddeo,Bussell,Male,982,1947-05-01,2017-10-14,tbussell46@1688.com,+420870476771,48535 Bonner Road,Pliwetan,,true,three,Taddeo Bussell,Taddeo Bussell,,2015-12-14,true,2,21
152,Rodd,Bagnal,Male,1707,1945-06-07,2022-01-05,,,9328 Elgar Way,Lutowiska,38-713,false,three,Rodd Bagnal,Rodd Bagnal,"Praesent id massa id nisl venenatis lacinia. Aenean sit amet justo. Morbi ut odio.

Cras mi pede, malesuada in, imperdiet et, commodo vulputate, justo. In blandit ultrices enim. Lorem ipsum dolor sit amet, consectetuer adipiscing elit.",2023-01-04,false,3,8
153,Halette,Heinrici,Female,6864,1942-01-15,,hheinrici48@vinaora.com,+420932169228,4 Charing Cross Road,Oslo,0173,false,one,Halette Heinrici,Halette Heinrici,,2016-10-23,true,1,4
154,Alecia,Pentycross,Female,4170,1971-04-01,2017-03-26,apentycross49@noaa.gov,+420124870562,08417 Aberg Drive,Boucherville,J4B,true,four,,Alecia Pentycross,,2023-04-27,true,3,2
155,Teressa,Organer,Female,261,1963-03-29,,,+420014957275,37628 Burrows Parkway,Kamakura,930-2111,true,three,,,"Fusce posuere felis sed lacus. Morbi sem mauris, laoreet ut, rhoncus aliquet, pulvinar sed, nisl. Nunc rhoncus dui vel sem.

Sed sagittis. Nam congue, risus semper porta volutpat, quam pede lobortis ligula, sit amet eleifend pede libero quis orci. Nullam molestie nibh in lectus.

Pellentesque at nulla. Suspendisse potenti. Cras in purus eu magna vulputate luctus.",2021-11-09,false,1,20
156,Tracy,Bobasch,Male,5580,1931-01-12,,,+420929751368,54 Dayton Hill,Kāmyārān,,false,none,,Tracy Bobasch,"Cum sociis natoque penatibus et magnis dis parturient montes, nascetur ridiculus mus. Vivamus vestibulum sagittis sapien. Cum sociis natoque penatibus et magnis dis parturient montes, nascetur ridiculus mus.

Etiam vel augue. Vestibulum rutrum rutrum neque. Aenean auctor gravida sem.

Praesent id massa id nisl venenatis lacinia. Aenean sit amet justo. Morbi ut odio.",2023-12-28,false,1,22
157,Jelene,Janny,Female,6857,1961-10-14,2023-09-13,jjanny4c@google.com.hk,+420586873646,06 Troy Point,Mamali,9611,false,four,,Jelene Janny,,2021-11-05,false,3,3
158,Hally,Baume,Female,1862,1923-06-14,2006-06-21,hbaume4d@usa.gov,+420447135588,61 Melrose Street,Zhaowanzhuang,,false,one,Hally Baume,Hally Baume,,2023-01-11,true,3,19
159,Hildy,Franzelini,Female,403,1920-03-26,2019-07-01,hfranzelini4e@bizjournals.com,+420016068351,764 Reindahl Terrace,Carodok,,false,two,,Hildy Franzelini,,2015-04-16,true,2,19
160,Myriam,Culpin,Female,5771,1925-08-11,,mculpin4f@baidu.com,+420935345733,2540 Grover Place,Bor Tungge,,false,one,Myriam Culpin,Myriam Culpin,Pellentesque at nulla. Suspendisse potenti. Cras in purus eu magna vulputate luctus.,2020-04-02,true,1,18
161,Ward,Pietasch,Male,5085,1971-07-13,2008-04-03,wpietasch4g@printfriendly.com,+420819060499,4 Randy Way,Ushuaia,9410,true,none,Ward Pietasch,Ward Pietasch,,2025-09-21,true,2,10
162,Deeanne,Keeting,Female,3588,1937-01-08,2011-08-24,dkeeting4h@usnews.com,+420997676731,41514 Roth Junction,Montigny-lès-Metz,57954 CEDEX,false,two,Deeanne Keeting,Deeanne Keeting,,2018-08-05,false,3,4
163,Pavla,Penswick,Female,3936,1974-10-18,,,+420697000448,6011 David Terrace,Jinshan,,false,one,Pavla Penswick,Pavla Penswick,,2017-02-12,true,2,9
164,Joanie,Andreev,Female,9651,1958-12-18,2008-03-17,jandreev4j@com.com,+420809468253,83606 Center Parkway,Naawan,9023,true,four,Joanie Andreev,Joanie Andreev,,2021-01-11,true,1,21
165,Jorie,Klugman,Female,6236,1965-06-14,,jklugman4k@kickstarter.com,+420354986940,35 Hermina Point,Liugong,,false,three,,Jorie Klugman,,2019-03-14,false,3,9
166,Leila,Mooreed,Female,9438,1971-04-27,,lmooreed4l@artisteer.com,+420474113164,4 Schmedeman Place,Padre Bernardo,73700-000,false,three,,Leila Mooreed,,2021-01-20,false,2,21
167,Sile,Jestico,Female,5213,1947-11-20,2010-09-26,,,2881 Sundown Park,Jiaoba,,true,two,Sile Jestico,,,2022-02-03,false,1,1
168,Lucina,McAlarney,Female,4127,1957-06-08,2005-08-18,lmcalarney4n@unesco.org,+420075041536,344 South Plaza,Murzuq,,true,two,,Lucina McAlarney,,2023-08-11,false,1,13
169,Gael,Treece,Female,495,1964-12-10,2009-02-03,gtreece4o@slideshare.net,+420555071100,67429 Dennis Alley,General Lavalle,7103,false,four,Gael Treece,Gael Treece,,2017-05-15,true,4,22
170,Wang,Dainter,Male,8731,1964-10-10,,wdainter4p@upenn.edu,+420728238571,8 Cardinal Plaza,Askeaton,P51,false,four,Wang Dainter,Wang Dainter,,2022-10-12,true,2,18
171,Adeline,Shee,Female,3118,1945-05-14,,ashee4q@phoca.cz,+420606415315,862 Saint Paul Pass,Sitangkai,7506,false,three,,Adeline Shee,"Lorem ipsum dolor sit amet, consectetuer adipiscing elit. Proin risus. Praesent lectus.

Vestibulum quam sapien, varius ut, blandit non, interdum in, ante. Vestibulum ante ipsum primis in faucibus orci luctus et ultrices posuere cubilia Curae; Duis faucibus accumsan odio. Curabitur convallis.

Duis consequat dui nec nisi volutpat eleifend. Donec ut dolor. Morbi vel lectus in quam fringilla rhoncus.",2019-02-18,true,2,7
172,Toiboid,Vearncomb,Male,1369,1972-11-27,,tvearncomb4r@flickr.com,+420453009295,9 Dayton Street,Baorixile,,true,two,Toiboid Vearncomb,Toiboid Vearncomb,,2021-06-26,true,1,14
173,Veradis,Coltart,Female,9374,1921-06-24,2018-07-10,vcoltart4s@engadget.com,,7 Riverside Parkway,Grigoropolisskaya,356020,false,one,Veradis Coltart,Veradis Coltart,,2015-11-09,true,3,20
174,Jyoti,Hourstan,Female,6734,1926-09-07,,,+420336484270,50 Ridgeway Court,Longmen,,true,two,,Jyoti Hourstan,,2023-09-10,false,1,11
175,Dane,Malcher,Male,7330,1921-05-06,2023-11-12,,+420869070618,0406 Duke Avenue,Macieira de Rates,4755-264,true,one,Dane Malcher,Dane Malcher,,2025-04-08,true,4,15
176,Inglis,Swanwick,Male,2041,1962-08-08,,iswanwick4v@is.gd,+420130092758,130 International Park,Wujia,,false,two,Inglis Swanwick,Inglis Swanwick,,2016-07-06,true,4,4
177,Kati,Walter,Female,5081,1933-11-23,,kwalter4w@tiny.cc,+420143051849,2 Quincy Circle,Villa Carlos Paz,5152,false,four,Kati Walter,Kati Walter,,2019-11-16,true,4,18
178,Cherrita,Upsale,Female,3252,1974-10-29,,cupsale4x@arstechnica.com,+420278693202,57290 Sauthoff Court,Luthu,,false,three,,Cherrita Upsale,,2015-12-18,false,4,21
179,Jameson,Beever,Male,284,1961-11-13,,jbeever4y@ehow.com,,2 East Crossing,Seara,4845-028,true,one,Jameson Beever,,,2017-06-03,false,2,20
180,Ambrosi,Fittis,Male,3464,1923-02-02,,afittis4z@apple.com,+420821263214,36727 Becker Drive,Lyublino,433762,true,four,Ambrosi Fittis,Ambrosi Fittis,,2018-11-21,true,3,22
181,Perceval,Dawber,Male,5285,1944-10-18,,pdawber50@gravatar.com,,71812 Talisman Place,Gradići,10410,false,three,Perceval Dawber,,,2015-02-13,false,4,22
182,Cullen,Junkin,Male,4322,1962-10-19,,cjunkin51@tinyurl.com,+420743187436,03 Ronald Regan Pass,Dingqiao,,true,three,Cullen Junkin,Cullen Junkin,,2022-01-17,false,4,16
183,Yul,Pasterfield,Male,3813,1924-04-14,,ypasterfield52@alexa.com,,45901 Farragut Road,Kuje,,true,two,Yul Pasterfield,Yul Pasterfield,,2025-07-31,false,2,22
184,Brod,Montier,Male,3797,1944-07-28,,bmontier53@storify.com,+420672881731,1634 Ilene Court,Bayt Līd,,true,one,Brod Montier,Brod Montier,,2018-11-17,true,4,2
185,Alphonso,Quince,Male,1827,1962-12-30,,,+420835868952,618 Division Way,Lipov,696 72,true,four,Alphonso Quince,Alphonso Quince,,2019-09-06,false,2,12
186,Noak,Gleeson,Male,5585,1940-11-04,2025-10-08,,+420485502182,649 Nelson Terrace,Al ‘Azīzīyah,,false,three,Noak Gleeson,Noak Gleeson,,2015-04-04,true,1,17
187,Nertie,Vahey,Female,4387,1950-02-05,,nvahey56@bloglines.com,,7 Carioca Junction,Kembangarum,,true,two,Nertie Vahey,Nertie Vahey,,2023-07-03,false,3,23
188,Ruthy,Graal,Female,7549,1967-06-07,,rgraal57@123-reg.co.uk,+420577803460,8878 Red Cloud Way,Chikola,363503,false,three,,Ruthy Graal,,2022-07-07,true,4,7
189,Reidar,Dain,Male,8154,1923-05-07,,rdain58@wikipedia.org,,89545 Atwood Plaza,Shezhu,,true,four,Reidar Dain,Reidar Dain,"Cum sociis natoque penatibus et magnis dis parturient montes, nascetur ridiculus mus. Vivamus vestibulum sagittis sapien. Cum sociis natoque penatibus et magnis dis parturient montes, nascetur ridiculus mus.",2023-04-22,false,1,9
190,Dag,Davidoff,Male,2509,1933-03-08,2022-05-09,ddavidoff59@timesonline.co.uk,+420122023788,1762 Heath Court,Aghajari,,true,one,Dag Davidoff,Dag Davidoff,,2025-01-21,false,1,3
191,Loraine,Tynan,Female,1483,1929-02-04,,ltynan5a@e-recht24.de,+420483920666,34 Jenna Crossing,Yuanjiazhuang,,true,one,,Loraine Tynan,,2017-08-07,true,2,9
192,Olav,Creyke,Male,9876,1928-08-15,,ocreyke5b@over-blog.com,+420267862589,8888 Heath Crossing,Kokterek,,false,two,,Olav Creyke,,2018-01-28,false,1,23
193,Kendricks,Parlott,Male,7771,1948-01-27,,kparlott5c@clickbank.net,+420571218402,1823 Gale Point,Yuzhno-Sukhokumsk,368890,false,two,Kendricks Parlott,Kendricks Parlott,,2017-01-01,false,1,22
194,Riordan,Brodeau,Male,3614,1952-01-01,,rbrodeau5d@xinhuanet.com,,553 Anzinger Alley,Kobelyaky,,true,one,Riordan Brodeau,,,2015-10-16,true,2,18
195,Vin,MacNeil,Male,924,1944-03-16,,vmacneil5e@yelp.com,+420255456401,4509 Londonderry Pass,Namballe,,false,none,,Vin MacNeil,,2021-10-05,false,1,22
196,Marna,Arblaster,Female,6044,1968-06-12,,marblaster5f@cisco.com,+420328312004,92852 Northview Alley,Arauco,,true,three,Marna Arblaster,Marna Arblaster,"Integer tincidunt ante vel ipsum. Praesent blandit lacinia erat. Vestibulum sed magna at nunc commodo placerat.

Praesent blandit. Nam nulla. Integer pede justo, lacinia eget, tincidunt eget, tempus vel, pede.",2015-06-13,true,2,24
197,Cart,Menichino,Male,9633,1940-02-04,,,+420380316779,37353 Sunnyside Point,Rzewnie,06-225,true,none,Cart Menichino,,,2024-09-08,false,1,2
198,Leonie,Feeney,Female,5468,1931-07-12,,,+420478695095,1 Summer Ridge Road,Luocheng,,false,two,,Leonie Feeney,,2019-02-16,true,1,15
199,Helen,Manderson,Female,584,1941-04-14,,hmanderson5i@illinois.edu,+420245705730,6 Meadow Vale Lane,Campo Alegre,89294-000,false,two,Helen Manderson,Helen Manderson,,2024-02-04,false,3,16
200,Erinna,Ivetts,Female,2578,1962-10-20,,eivetts5j@amazonaws.com,,18 Hudson Parkway,An Châu,,true,none,Erinna Ivetts,Erinna Ivetts,,2017-05-18,false,1,15
201,Nevile,Klein,Male,113,1950-09-10,2010-09-30,nklein5k@google.co.jp,+420177051194,3306 Colorado Drive,Itapuranga,76680-000,false,three,Nevile Klein,,,2021-05-11,false,2,11
202,Peggy,Hugnet,Female,6958,1940-01-11,2010-08-21,phugnet5l@bloglovin.com,+420690070434,5760 Surrey Alley,Sułów,56-306,true,three,,Peggy Hugnet,,2020-08-16,true,4,12
203,Patsy,Cella,Female,6719,1969-04-14,,pcella5m@wix.com,,268 Longview Court,Cabrela,7050-405,false,one,Patsy Cella,Patsy Cella,,2015-06-23,true,3,23
204,Gideon,McArdell,Male,3715,1961-10-07,,,+420796331121,5468 Utah Drive,Krajan,,false,none,Gideon McArdell,Gideon McArdell,"Curabitur at ipsum ac tellus semper interdum. Mauris ullamcorper purus sit amet nulla. Quisque arcu libero, rutrum ac, lobortis vel, dapibus at, diam.",2018-09-17,false,4,15
205,Sanders,Book,Male,3140,1925-02-05,,sbook5o@wikispaces.com,+420232170498,9 Truax Hill,Barbosa,684517,true,one,Sanders Book,Sanders Book,,2020-08-16,true,2,4
206,Kelly,Laskey,Male,8788,1926-02-14,,,+420010213122,91343 Debra Plaza,Samokov,2000,false,three,Kelly Laskey,Kelly Laskey,,2024-10-21,true,2,2
207,Fleur,Fronek,Female,6024,1952-11-27,,ffronek5q@psu.edu,+420493535758,28 Mariners Cove Way,Ceerigaabo,,true,none,Fleur Fronek,Fleur Fronek,,2018-08-05,false,1,2
208,Damiano,Boutcher,Male,5739,1947-10-13,2015-02-27,dboutcher5r@nih.gov,+420442057409,125 Hintze Hill,Wugong,,true,one,Damiano Boutcher,Damiano Boutcher,,2019-06-18,true,2,7
209,Janeen,Benford,Female,5453,1945-12-05,,jbenford5s@hugedomains.com,+420453996080,7 Loeprich Street,Lingxi,,true,four,,Janeen Benford,,2025-07-07,false,3,23
210,Harper,Trousdale,Male,7816,1966-05-28,,htrousdale5t@booking.com,+420079792795,7101 Spaight Way,Pingwang,,true,three,,Harper Trousdale,,2019-02-10,false,4,2
211,Noby,Lubman,Male,3451,1948-11-10,,nlubman5u@wufoo.com,+420723384308,1 Russell Drive,Tambarangan,,false,none,Noby Lubman,Noby Lubman,,2017-08-10,true,1,11
212,Dan,Luxford,Male,5242,1930-09-21,2020-02-09,,,68463 Tony Avenue,Roslavl’,216507,true,four,,Dan Luxford,,2017-02-15,false,2,17
213,Elana,Ledstone,Female,7436,1923-04-21,,eledstone5w@microsoft.com,+420170802907,37422 Hudson Plaza,Durham,27705,true,four,Elana Ledstone,Elana Ledstone,,2020-11-30,true,1,14
214,Elspeth,Hailwood,Female,5378,1974-04-18,2022-02-11,ehailwood5x@meetup.com,+420738754297,25 Sullivan Road,Lindong,,false,none,,Elspeth Hailwood,,2015-08-06,true,1,7
215,Pammi,Ragbourne,Female,921,1933-03-16,,,,73 Hagan Trail,Mori,,true,none,Pammi Ragbourne,Pammi Ragbourne,,2018-09-13,false,2,24
216,Jeanna,Weddell,Female,8584,1955-12-07,,jweddell5z@ucla.edu,+420498452743,27914 Service Junction,Castanhal,68740-000,false,four,,Jeanna Weddell,,2015-10-12,false,4,23
217,Anatol,Missenden,Male,1775,1922-06-07,2009-02-06,amissenden60@tmall.com,+420098364842,6801 Spohn Point,Bangonay,4114,true,two,Anatol Missenden,Anatol Missenden,,2019-10-10,true,4,8
218,Forster,Roach,Male,9811,1945-01-18,,froach61@vk.com,,5755 Orin Plaza,Los Córdobas,235028,true,two,Forster Roach,Forster Roach,,2015-03-28,true,4,24
219,Dulcia,Challiss,Female,7023,1922-04-21,,dchalliss62@gravatar.com,+420260351096,09 Arapahoe Court,Sungaikupang,,true,four,Dulcia Challiss,Dulcia Challiss,"Cum sociis natoque penatibus et magnis dis parturient montes, nascetur ridiculus mus. Vivamus vestibulum sagittis sapien. Cum sociis natoque penatibus et magnis dis parturient montes, nascetur ridiculus mus.

Etiam vel augue. Vestibulum rutrum rutrum neque. Aenean auctor gravida sem.",2019-05-14,true,4,20
220,Audrey,Boulsher,Female,1662,1946-11-18,2017-04-28,aboulsher63@facebook.com,,9696 Gina Crossing,Głogów Małopolski,36-060,false,four,,Audrey Boulsher,,2022-05-24,true,3,10
221,Hilde,Cicco,Female,5873,1929-08-01,,hcicco64@about.com,+420296656249,0 Crescent Oaks Alley,Cahuacho,,false,none,Hilde Cicco,Hilde Cicco,,2018-01-22,false,4,21
222,Kayne,Estick,Male,6930,1954-01-14,,kestick65@chronoengine.com,+420589694328,854 Riverside Lane,Tanjungbatu,,false,none,,,,2016-12-29,false,4,12
223,Dulcine,Baxstair,Female,3023,1958-06-05,,dbaxstair66@delicious.com,,63 Petterle Place,Karakulino,427920,false,two,Dulcine Baxstair,Dulcine Baxstair,,2025-04-27,true,1,2
224,Brigham,Sutton,Male,924,1924-09-02,,bsutton67@skyrock.com,+420611164144,22623 Almo Parkway,Monastir,,false,none,Brigham Sutton,Brigham Sutton,,2025-05-01,false,1,10
225,Lisetta,Camoys,Female,5035,1923-06-24,,,,226 Redwing Court,Cibeureum,,true,four,Lisetta Camoys,Lisetta Camoys,,2016-02-24,false,4,23
226,Sherline,Chaperlin,Female,4147,1946-04-30,2010-11-04,schaperlin69@infoseek.co.jp,,8895 Mcguire Park,Stockholm,102 46,true,one,Sherline Chaperlin,,,2017-04-18,false,2,1
227,Boothe,Trevena,Male,265,1942-01-06,2015-09-25,btrevena6a@biglobe.ne.jp,+420001195945,4 Lyons Place,Khokhryaki,427011,true,one,Boothe Trevena,,,2024-01-27,false,4,17
228,Denice,Paulazzi,Female,7885,1961-03-05,,dpaulazzi6b@mozilla.org,,8 Straubel Lane,Oshawa,L1K,true,four,Denice Paulazzi,Denice Paulazzi,Pellentesque at nulla. Suspendisse potenti. Cras in purus eu magna vulputate luctus.,2025-05-09,false,2,16
229,Sky,Thewles,Male,1244,1934-01-26,,sthewles6c@usatoday.com,+420078192350,1976 Dennis Hill,Candi,,false,none,Sky Thewles,Sky Thewles,,2023-10-16,false,2,2
230,Loretta,Digwood,Female,9205,1949-12-15,,ldigwood6d@discovery.com,+420891557811,503 Dahle Court,Jamaica,11470,false,two,,Loretta Digwood,,2025-04-17,true,3,15
231,Nixie,Pawsey,Female,6095,1955-03-13,2013-06-17,,+420128542742,3 Kipling Drive,Denpasar,,true,four,Nixie Pawsey,Nixie Pawsey,,2016-08-10,true,3,22
232,Quincey,Alexander,Male,2763,1932-10-23,2012-09-28,qalexander6f@google.com.br,,24483 Ohio Plaza,Yengimahalla,,true,four,Quincey Alexander,Quincey Alexander,"Fusce posuere felis sed lacus. Morbi sem mauris, laoreet ut, rhoncus aliquet, pulvinar sed, nisl. Nunc rhoncus dui vel sem.

Sed sagittis. Nam congue, risus semper porta volutpat, quam pede lobortis ligula, sit amet eleifend pede libero quis orci. Nullam molestie nibh in lectus.",2020-10-15,true,3,20
233,Miranda,Lortzing,Female,512,1951-09-28,2015-10-25,mlortzing6g@1688.com,+420056046771,23 Warrior Lane,Santiago Puringla,,false,two,Miranda Lortzing,Miranda Lortzing,,2017-04-09,true,2,16
234,Josephine,Craydon,Female,7989,1930-10-13,,jcraydon6h@pinterest.com,+420712380776,1481 Anthes Plaza,San Jose,95108,false,four,Josephine Craydon,Josephine Craydon,,2024-07-03,false,1,21
235,Willdon,Wythill,Male,8709,1952-06-25,,wwythill6i@hao123.com,+420950285329,502 Westridge Park,Vrilissia,,true,none,Willdon Wythill,Willdon Wythill,,2017-08-08,true,3,24
236,Frederigo,Brandsen,Male,9243,1931-06-15,2016-04-21,fbrandsen6j@qq.com,+420814464476,3312 4th Terrace,Dongjiao,,false,three,Frederigo Brandsen,Frederigo Brandsen,,2020-07-08,false,3,4
237,Val,Demogeot,Male,9294,1958-01-14,,,+420267172919,89 Beilfuss Circle,Jingyang,,true,one,Val Demogeot,Val Demogeot,,2016-03-03,true,3,11
238,Birgit,Redfearn,Female,6623,1953-04-21,,,+420029541523,7 Homewood Alley,Micheng,,true,two,Birgit Redfearn,Birgit Redfearn,,2022-10-12,true,1,17
239,Moina,Randell,Female,990,1938-12-26,,mrandell6m@addthis.com,,747 Parkside Road,Fīrūzābād,,true,none,Moina Randell,Moina Randell,,2018-02-16,false,1,13
240,Wilona,Jeandin,Female,8636,1967-10-11,2006-03-16,,+420366926986,0 Daystar Street,Liucheng,,false,none,Wilona Jeandin,Wilona Jeandin,,2025-05-09,false,4,2
241,Arlin,Tomasino,Male,2802,1942-03-30,,atomasino6o@cnn.com,+420125780593,36759 Esch Way,Jintian,,true,two,Arlin Tomasino,,,2024-02-28,false,2,22
242,Amandi,Simoneschi,Female,1076,1964-09-18,,,+420555127441,279 Rieder Junction,Cihampelas,,false,three,Amandi Simoneschi,Amandi Simoneschi,,2017-08-26,false,1,6
243,Krysta,Vogel,Female,5294,1924-08-08,2020-12-17,kvogel6q@wikimedia.org,+420771775687,93018 Valley Edge Crossing,Olleros,,true,one,Krysta Vogel,,,2024-02-27,false,2,10
244,Arch,Gurr,Male,6443,1955-05-26,,agurr6r@si.edu,,91627 Division Crossing,Alabug,4507,false,one,Arch Gurr,Arch Gurr,,2017-05-31,false,2,11
245,Lynne,Yanin,Female,2919,1968-09-27,,lyanin6s@patch.com,+420421085461,6 Sunfield Avenue,A’ershan,,true,four,Lynne Yanin,Lynne Yanin,,2020-11-07,false,2,4
246,Malinda,De la Barre,Female,7629,1937-01-25,2017-08-05,mde6t@theguardian.com,,5740 Dryden Park,Chrysó,,false,one,Malinda De la Barre,Malinda De la Barre,"Aenean fermentum. Donec ut mauris eget massa tempor convallis. Nulla neque libero, convallis eget, eleifend luctus, ultricies eu, nibh.",2016-03-31,false,2,23
247,Merry,Babber,Female,976,1946-03-07,2021-07-29,mbabber6u@discovery.com,+420895432761,0 Lotheville Park,Portland,97229,false,one,Merry Babber,Merry Babber,,2016-08-18,false,3,23
248,Vincenz,Gorsse,Male,2445,1944-09-17,,vgorsse6v@abc.net.au,+420481276773,5 Atwood Circle,Hanzhong,,true,three,Vincenz Gorsse,Vincenz Gorsse,,2025-10-09,false,3,23
249,Prentice,Duguid,Male,904,1965-10-13,2010-11-07,pduguid6w@ow.ly,+420346199281,4 Oak Lane,San Diego,92153,true,one,Prentice Duguid,Prentice Duguid,,2022-02-17,true,2,15
250,Lauree,Ringham,Female,6690,1973-02-06,2018-08-30,lringham6x@hibu.com,,69 Harbort Place,Brunssum,6444,true,none,Lauree Ringham,Lauree Ringham,,2021-12-25,false,2,8
251,Yetty,Gaughan,Female,7148,1947-04-20,2025-10-21,,+420320128282,747 Ridge Oak Trail,Binalonan,2436,true,none,Yetty Gaughan,,,2024-10-30,false,4,19
252,Jo,Rumming,Female,9122,1931-03-01,2024-05-10,jrumming6z@skype.com,,035 Eggendart Crossing,Qozonketkan,,false,three,Jo Rumming,Jo Rumming,,2016-09-18,true,3,23
253,Deloris,Rummings,Female,3407,1924-07-26,,drummings70@jimdo.com,+420488763865,6783 Vidon Terrace,Okunoya,314-0116,true,one,Deloris Rummings,Deloris Rummings,,2015-01-13,true,2,9
254,Buddie,Petyt,Male,240,1971-08-05,2005-11-06,bpetyt71@whitehouse.gov,+420955671563,68441 Luster Alley,Xiejiaya,,true,one,Buddie Petyt,Buddie Petyt,,2021-11-18,true,4,18
255,Norris,Winscom,Male,5061,1922-04-02,2007-06-02,nwinscom72@engadget.com,+420545681654,66 Schlimgen Street,Sant Cugat Del Valles,08190,false,none,Norris Winscom,Norris Winscom,,2020-06-16,false,3,15
256,Findley,Jeenes,Male,3057,1936-03-18,,fjeenes73@posterous.com,,359 Mesta Parkway,Mzimba,,false,three,,Findley Jeenes,,2017-05-01,false,3,1
257,Jack,Bulfoy,Male,2893,1927-05-24,2024-08-09,,+420727750799,723 Park Meadow Way,Ya’ngan,,false,two,Jack Bulfoy,Jack Bulfoy,"Cras mi pede, malesuada in, imperdiet et, commodo vulputate, justo. In blandit ultrices enim. Lorem ipsum dolor sit amet, consectetuer adipiscing elit.

Proin interdum mauris non ligula pellentesque ultrices. Phasellus id sapien in sapien iaculis congue. Vivamus metus arcu, adipiscing molestie, hendrerit at, vulputate vitae, nisl.

Aenean lectus. Pellentesque eget nunc. Donec quis orci eget orci vehicula condimentum.",2018-07-23,false,2,3
258,Angelika,Baurerich,Female,6390,1924-07-07,,,,8 Quincy Court,Aguisan,4101,true,four,Angelika Baurerich,Angelika Baurerich,"Nullam sit amet turpis elementum ligula vehicula consequat. Morbi a ipsum. Integer a nibh.

In quis justo. Maecenas rhoncus aliquam lacus. Morbi quis tortor id nulla ultrices aliquet.

Maecenas leo odio, condimentum id, luctus nec, molestie sed, justo. Pellentesque viverra pede ac diam. Cras pellentesque volutpat dui.",2015-11-06,true,4,13
259,Clea,Mulvany,Female,1573,1926-05-22,,cmulvany76@domainmarket.com,+420133274519,85140 Macpherson Road,Faīẕābād,,false,two,,Clea Mulvany,,2017-03-09,true,3,16
260,Umeko,Malitrott,Female,3881,1936-10-03,2015-10-21,umalitrott77@clickbank.net,+420798823809,9869 7th Place,Qiagai,,true,two,,Umeko Malitrott,,2022-01-29,true,3,1
261,Jeddy,Noteyoung,Male,6155,1967-06-27,2009-03-01,jnoteyoung78@addthis.com,+420212089252,58328 Carberry Crossing,San Rafael Oriente,,true,two,Jeddy Noteyoung,,,2023-03-22,false,2,12
262,Penny,Sloane,Male,3383,1952-03-08,,psloane79@usgs.gov,+420516283613,87 Schiller Point,Sihai,,true,one,,Penny Sloane,,2022-06-17,true,3,22
263,Taffy,Lanceley,Female,4169,1968-06-16,,tlanceley7a@slashdot.org,+420124998877,6437 Trailsway Parkway,Memória,2420-231,true,two,,,,2023-08-31,true,1,19
264,Glenden,Siggee,Male,723,1958-02-18,,,,617 7th Alley,Tenkodogo,,true,two,Glenden Siggee,Glenden Siggee,,2016-08-22,false,2,18
265,Corly,Couling,Female,3089,1968-05-27,,ccouling7c@issuu.com,+420329309046,29 Red Cloud Avenue,Guayabal de Síquima,253217,false,four,Corly Couling,Corly Couling,,2024-05-13,false,3,3
266,Randolph,Saunderson,Male,5933,1945-10-17,,rsaunderson7d@time.com,+420870992166,17932 Clove Circle,Březí,594 53,false,none,Randolph Saunderson,Randolph Saunderson,,2017-01-28,false,1,5
267,Rania,Benet,Female,5274,1955-11-21,,rbenet7e@omniture.com,,5239 Garrison Drive,Kostelec nad Černými Lesy,281 63,false,none,Rania Benet,Rania Benet,"Suspendisse potenti. In eleifend quam a odio. In hac habitasse platea dictumst.

Maecenas ut massa quis augue luctus tincidunt. Nulla mollis molestie lorem. Quisque ut erat.

Curabitur gravida nisi at nibh. In hac habitasse platea dictumst. Aliquam augue quam, sollicitudin vitae, consectetuer eget, rutrum at, lorem.",2020-10-03,false,2,11
268,Clim,Rhymes,Male,1677,1950-02-14,,,+420516642821,8 Debra Avenue,Ryazhsk,391964,false,one,Clim Rhymes,Clim Rhymes,,2023-10-10,false,3,19
269,Alford,Helstrom,Male,5686,1937-04-12,2012-08-15,ahelstrom7g@aboutads.info,,3037 Autumn Leaf Alley,Houxi,,false,one,Alford Helstrom,Alford Helstrom,,2022-04-09,false,3,6
270,Elton,Cockshut,Male,962,1920-04-02,,ecockshut7h@indiatimes.com,+420194139912,1575 Corben Circle,Adigeni,,true,none,Elton Cockshut,Elton Cockshut,,2024-09-23,false,4,4
271,Kleon,Simeon,Male,7832,1925-04-28,,ksimeon7i@diigo.com,+420057419155,11 Everett Hill,Chardonnière,,false,two,Kleon Simeon,Kleon Simeon,,2021-11-30,true,4,23
272,Jammie,Kock,Female,7829,1967-08-23,2014-04-25,jkock7j@goo.gl,+420050018870,2 Hanson Circle,Shiyun,,true,two,,Jammie Kock,,2020-03-04,true,3,20
273,Lamond,Smails,Male,7276,1960-08-05,,lsmails7k@sciencedirect.com,+420681002999,193 Reindahl Place,Dongli,,false,two,Lamond Smails,,,2018-02-14,false,2,1
274,Hetty,Bramo,Female,3844,1939-05-04,,,+420540954142,4 Welch Center,Wonoharjo,,true,one,Hetty Bramo,Hetty Bramo,"Morbi non lectus. Aliquam sit amet diam in magna bibendum imperdiet. Nullam orci pede, venenatis non, sodales sed, tincidunt eu, felis.

Fusce posuere felis sed lacus. Morbi sem mauris, laoreet ut, rhoncus aliquet, pulvinar sed, nisl. Nunc rhoncus dui vel sem.",2022-09-28,true,1,3
275,Coleman,Colliver,Male,1819,1973-09-11,2021-11-27,ccolliver7m@blogs.com,+420965414965,5 Canary Crossing,Palmeira,88545-000,false,one,Coleman Colliver,,,2018-09-06,false,2,7
276,Ricca,Tumioto,Female,9868,1958-05-20,,rtumioto7n@fema.gov,+420795007519,06 Homewood Circle,Hidalgo,30625,true,one,,Ricca Tumioto,"Maecenas tristique, est et tempus semper, est quam pharetra magna, ac consequat metus sapien ut nunc. Vestibulum ante ipsum primis in faucibus orci luctus et ultrices posuere cubilia Curae; Mauris viverra diam vitae quam. Suspendisse potenti.

Nullam porttitor lacus at turpis. Donec posuere metus vitae ipsum. Aliquam non mauris.

Morbi non lectus. Aliquam sit amet diam in magna bibendum imperdiet. Nullam orci pede, venenatis non, sodales sed, tincidunt eu, felis.",2025-01-15,false,3,22
277,Jacqui,Kersey,Female,7763,1971-12-07,2019-04-12,jkersey7o@ibm.com,+420847491423,9105 Prairie Rose Circle,Lattes,34975 CEDEX,true,three,Jacqui Kersey,Jacqui Kersey,,2023-08-03,true,4,2
278,Ardyth,Trees,Female,8661,1931-10-15,2016-06-05,atrees7p@mtv.com,+420909681585,94 Fairfield Junction,Gaoping,,true,none,Ardyth Trees,,,2019-11-23,false,1,19
279,Gertrud,MacKomb,Female,9373,1953-01-24,2023-10-28,,,7 Talisman Junction,Majiang,,true,four,Gertrud MacKomb,Gertrud MacKomb,,2024-12-26,true,3,21
280,Carmelle,Mishaw,Female,9161,1943-07-31,,,+420642528811,4 Del Mar Center,Zhaotong,,false,three,Carmelle Mishaw,,,2017-12-20,true,3,8
281,Tabbitha,Thornborrow,Female,6404,1946-01-01,,,+420710173649,3 Esker Center,Skänninge,596 92,true,four,,Tabbitha Thornborrow,,2017-02-23,true,1,7
282,Pate,Impy,Male,6166,1932-12-15,,pimpy7t@imgur.com,+420916576901,4423 Badeau Plaza,Šabac,,true,two,Pate Impy,Pate Impy,,2024-12-22,false,2,22
283,Elsie,Manketell,Female,8533,1953-05-29,,emanketell7u@feedburner.com,+420265025824,48 Acker Junction,Qızılhacılı,,true,three,Elsie Manketell,Elsie Manketell,,2024-08-12,true,2,1
284,Cobb,Gaythorpe,Male,8401,1974-02-21,,,+420054880020,61 Wayridge Pass,Bezlyudivka,,false,none,,Cobb Gaythorpe,,2019-07-16,true,1,7
285,Kathryne,Conti,Female,9917,1957-10-24,,,+420528426903,0581 Talisman Center,Dahe,,false,two,,Kathryne Conti,,2025-06-24,true,2,19
286,Queenie,De Cruze,Female,4482,1937-12-03,,qde7x@desdev.cn,+420102263229,34 Londonderry Junction,Senduro,,false,one,Queenie De Cruze,Queenie De Cruze,,2017-07-18,true,1,8
287,Tiffany,Girardengo,Female,9911,1922-05-12,2010-11-03,tgirardengo7y@cnbc.com,+420192889063,40 American Place,Talospatang,2422,true,none,,,,2025-10-05,true,2,15
288,Teodora,Barlie,Female,2169,1962-10-13,2008-05-11,,+420391967963,10748 Nobel Drive,Al Ḩawāmidīyah,,true,four,Teodora Barlie,,Maecenas ut massa quis augue luctus tincidunt. Nulla mollis molestie lorem. Quisque ut erat.,2023-09-01,true,3,10
289,Georgina,Dickman,Female,7089,1961-07-18,,gdickman80@barnesandnoble.com,,346 Thackeray Road,Balas,6207,true,four,,Georgina Dickman,Nullam sit amet turpis elementum ligula vehicula consequat. Morbi a ipsum. Integer a nibh.,2025-03-18,false,4,24
290,Levi,Monteath,Male,3808,1939-07-14,,lmonteath81@theglobeandmail.com,,559 Mcguire Parkway,Novallas,7213,false,four,,,In congue. Etiam justo. Etiam pretium iaculis justo.,2016-09-13,true,1,19
291,Hortense,Terrey,Female,5586,1946-03-23,,hterrey82@naver.com,+420226799347,15 Scoville Crossing,Krasnoshchekovo,658343,false,two,,Hortense Terrey,,2020-09-05,false,1,2
292,Beau,Soldan,Male,4035,1937-02-04,2023-01-06,,,90 Maple Court,Przytyk,26-650,false,four,,Beau Soldan,,2022-08-02,false,1,23
293,Torry,Waudby,Male,2904,1969-11-29,,,+420189598162,4 Northwestern Avenue,Gongji,,true,two,,Torry Waudby,"Fusce posuere felis sed lacus. Morbi sem mauris, laoreet ut, rhoncus aliquet, pulvinar sed, nisl. Nunc rhoncus dui vel sem.

Sed sagittis. Nam congue, risus semper porta volutpat, quam pede lobortis ligula, sit amet eleifend pede libero quis orci. Nullam molestie nibh in lectus.

Pellentesque at nulla. Suspendisse potenti. Cras in purus eu magna vulputate luctus.",2016-12-14,false,1,14
294,Brena,Djurkovic,Female,6994,1954-12-29,,,+420162907753,59 Kipling Place,Lomintsevskiy,301573,false,three,,,,2019-03-24,false,3,3
295,Moyna,Delagua,Female,8418,1949-03-19,,mdelagua86@qq.com,+420097569962,143 Sloan Hill,Guantouzui,,false,four,Moyna Delagua,Moyna Delagua,"Donec diam neque, vestibulum eget, vulputate ut, ultrices vel, augue. Vestibulum ante ipsum primis in faucibus orci luctus et ultrices posuere cubilia Curae; Donec pharetra, magna vestibulum aliquet ultrices, erat tortor sollicitudin mi, sit amet lobortis sapien sapien non mi. Integer ac neque.

Duis bibendum. Morbi non quam nec dui luctus rutrum. Nulla tellus.

In sagittis dui vel nisl. Duis ac nibh. Fusce lacus purus, aliquet at, feugiat non, pretium quis, lectus.",2016-04-17,true,4,15
296,Margit,Cattermole,Female,8138,1927-11-28,,mcattermole87@nba.com,+420561873729,88 Boyd Circle,Shuishiying,,false,one,Margit Cattermole,Margit Cattermole,,2018-04-05,true,4,12
297,Gates,Mewhirter,Female,4364,1937-12-14,,gmewhirter88@moonfruit.com,+420391061502,7234 3rd Street,Bua Yai,30120,true,two,Gates Mewhirter,Gates Mewhirter,,2024-07-15,false,3,21
298,Sean,Giorio,Male,6733,1969-02-09,,sgiorio89@fc2.com,+420452985501,1 Schurz Trail,President Roxas,9405,true,four,Sean Giorio,Sean Giorio,,2024-12-19,false,2,2
299,Flin,Ewbanks,Male,3535,1951-10-02,,fewbanks8a@sitemeter.com,+420480768388,6635 Lien Lane,Pentre,SY4,true,two,Flin Ewbanks,Flin Ewbanks,,2025-05-19,true,1,6
300,Alexis,Dillaway,Female,6567,1947-11-29,2025-09-27,adillaway8b@lulu.com,+420804554345,22 Little Fleur Street,São José dos Pinhais,83000-000,false,four,Alexis Dillaway,Alexis Dillaway,,2022-11-05,true,1,21
301,Winna,Tennewell,Female,7949,1938-06-03,2025-08-01,wtennewell8c@sourceforge.net,+420688885945,99 Lyons Trail,Matsubase,869-0502,true,one,,Winna Tennewell,,2022-02-27,true,2,21
302,Lorelei,Grime,Female,6489,1938-06-30,,lgrime8d@timesonline.co.uk,+420623623736,52087 Northridge Lane,Nichinan,889-3151,true,none,,Lorelei Grime,"Sed sagittis. Nam congue, risus semper porta volutpat, quam pede lobortis ligula, sit amet eleifend pede libero quis orci. Nullam molestie nibh in lectus.

Pellentesque at nulla. Suspendisse potenti. Cras in purus eu magna vulputate luctus.

Cum sociis natoque penatibus et magnis dis parturient montes, nascetur ridiculus mus. Vivamus vestibulum sagittis sapien. Cum sociis natoque penatibus et magnis dis parturient montes, nascetur ridiculus mus.",2025-10-05,false,2,24
303,Moore,Whittam,Male,4045,1959-09-13,2010-05-21,,+420988815231,1494 Thierer Way,Werinama,,false,four,Moore Whittam,Moore Whittam,,2021-02-22,true,4,6
304,Nick,Pooly,Male,9204,1924-09-08,2009-10-30,npooly8f@rediff.com,,22 Warner Park,As Sab‘ Biyār,,false,four,,Nick Pooly,,2018-11-08,false,1,11
305,Minette,Mack,Female,3257,1954-03-01,,mmack8g@prweb.com,+420185675128,55 Nova Court,Nagqu,,true,one,Minette Mack,Minette Mack,"Duis bibendum. Morbi non quam nec dui luctus rutrum. Nulla tellus.

In sagittis dui vel nisl. Duis ac nibh. Fusce lacus purus, aliquet at, feugiat non, pretium quis, lectus.

Suspendisse potenti. In eleifend quam a odio. In hac habitasse platea dictumst.",2015-09-01,true,4,23
306,Dionysus,Falk,Male,6928,1968-05-06,2009-04-14,dfalk8h@oracle.com,,19522 Debs Point,Farrokh Shahr,,false,four,,Dionysus Falk,,2023-04-12,true,2,5
307,Jamal,Gurnee,Male,1062,1945-12-06,,jgurnee8i@github.io,+420476258745,0365 Summerview Drive,Bielsk Podlaski,17-102,false,one,,Jamal Gurnee,,2018-01-12,true,1,6
308,Baird,Kellar,Male,1211,1960-06-22,,bkellar8j@mapy.cz,+420282736731,2330 Utah Trail,Kigali,,false,none,Baird Kellar,Baird Kellar,,2021-08-08,true,4,10
309,Julian,Betonia,Male,7852,1959-09-18,,,+420784302587,8 Hovde Place,Berendeyevo,152000,false,two,Julian Betonia,Julian Betonia,,2020-01-06,true,3,16
310,Rachel,Campany,Female,2987,1973-10-15,2018-06-20,rcampany8l@plala.or.jp,+420223697137,0 Almo Point,Sukumo,788-0363,true,four,Rachel Campany,Rachel Campany,"In sagittis dui vel nisl. Duis ac nibh. Fusce lacus purus, aliquet at, feugiat non, pretium quis, lectus.

Suspendisse potenti. In eleifend quam a odio. In hac habitasse platea dictumst.",2016-05-07,true,3,18
311,Laverna,Nancekivell,Female,1632,1966-05-31,,lnancekivell8m@ft.com,+420230525708,8 Transport Court,Nice,06306 CEDEX 4,true,four,,Laverna Nancekivell,,2018-04-08,false,4,11
312,Nerta,Onslow,Female,7094,1959-09-11,,nonslow8n@gravatar.com,+420715106700,889 Atwood Court,Fushëkuqe,,true,four,Nerta Onslow,Nerta Onslow,,2025-04-09,true,2,5
313,Nolly,Well,Male,3891,1955-02-16,,nwell8o@shutterfly.com,+420084792301,0290 Florence Way,Carolina,65980-000,false,one,,Nolly Well,,2019-07-16,true,3,4
314,Tiffany,Froome,Female,5866,1975-09-26,,,+420342248765,6835 Portage Road,Shangjie,,true,four,,Tiffany Froome,,2025-04-19,false,2,14
315,Jojo,Vasiljevic,Female,8266,1959-01-28,,jvasiljevic8q@fastcompany.com,,337 Sherman Alley,Phalaborwa,1396,false,four,Jojo Vasiljevic,Jojo Vasiljevic,,2015-09-02,true,4,15
316,Konstance,Arnoud,Female,4049,1961-12-04,,karnoud8r@linkedin.com,+420886976275,0657 David Point,Topeka,66617,true,two,Konstance Arnoud,Konstance Arnoud,"Pellentesque at nulla. Suspendisse potenti. Cras in purus eu magna vulputate luctus.

Cum sociis natoque penatibus et magnis dis parturient montes, nascetur ridiculus mus. Vivamus vestibulum sagittis sapien. Cum sociis natoque penatibus et magnis dis parturient montes, nascetur ridiculus mus.",2021-11-19,true,2,5
317,Trixie,Suddick,Female,4303,1938-09-21,2018-12-01,tsuddick8s@cbc.ca,+420088431710,5 Stang Point,Copán,,true,three,Trixie Suddick,Trixie Suddick,,2019-07-31,false,4,18
318,Camile,Harwick,Female,8395,1920-07-26,,charwick8t@netscape.com,,4 Tennessee Parkway,Provo,84605,false,two,Camile Harwick,Camile Harwick,,2023-10-14,true,1,3
319,Sarah,Thring,Female,6944,1935-06-20,,sthring8u@4shared.com,,4613 Melby Plaza,Maradi,,true,none,,Sarah Thring,,2024-09-26,false,3,6
320,Clifford,Soloway,Male,3376,1965-02-20,2007-07-21,csoloway8v@marriott.com,+420151931461,9 Namekagon Parkway,Songwon,,false,none,Clifford Soloway,Clifford Soloway,,2022-04-09,true,3,22
321,Blakeley,Gethyn,Female,2475,1949-05-15,2005-09-28,bgethyn8w@blinklist.com,+420324197749,9969 Bowman Alley,Longshe,,true,three,Blakeley Gethyn,Blakeley Gethyn,,2024-04-16,false,2,23
322,Sarge,Olpin,Male,9835,1928-06-29,,,+420007223104,58916 Crowley Lane,Rudziczka,43-267,true,one,Sarge Olpin,,,2021-08-07,false,4,13
323,Anya,Pagden,Female,3625,1955-09-29,,apagden8y@friendfeed.com,+420010846898,844 Scofield Place,Rurrenabaque,,true,two,,Anya Pagden,,2016-06-06,true,3,14
324,Earl,Swithenby,Male,3197,1931-04-29,,,+420447855826,61 Dorton Way,Memphis,38188,false,none,Earl Swithenby,,,2016-09-11,false,1,10
325,Waldo,Aslie,Male,559,1954-01-17,,waslie90@jiathis.com,+420365755970,24 Kingsford Center,Khok Charoen,15250,true,four,Waldo Aslie,Waldo Aslie,,2016-03-30,true,1,12
326,Georgena,Arkill,Female,2978,1940-06-14,,garkill91@netvibes.com,+420472026941,2430 Jenna Park,Bali,,false,four,Georgena Arkill,,"Vestibulum quam sapien, varius ut, blandit non, interdum in, ante. Vestibulum ante ipsum primis in faucibus orci luctus et ultrices posuere cubilia Curae; Duis faucibus accumsan odio. Curabitur convallis.

Duis consequat dui nec nisi volutpat eleifend. Donec ut dolor. Morbi vel lectus in quam fringilla rhoncus.

Mauris enim leo, rhoncus sed, vestibulum sit amet, cursus id, turpis. Integer aliquet, massa id lobortis convallis, tortor risus dapibus augue, vel accumsan tellus nisi eu orci. Mauris lacinia sapien quis libero.",2017-12-23,false,3,6
327,Giustina,Falconer-Taylor,Female,8348,1969-03-06,,gfalconertaylor92@indiegogo.com,,82 Lillian Pass,Linpu,,true,four,Giustina Falconer-Taylor,Giustina Falconer-Taylor,,2017-05-06,true,4,12
328,Maria,Curreen,Female,2009,1948-07-01,,mcurreen93@nhs.uk,+420170441840,5714 Northport Park,Koffiefontein,9987,true,four,Maria Curreen,,,2018-10-13,false,4,7
329,Christa,Roddy,Female,8570,1941-02-02,2024-10-04,,+420174327636,5 Logan Plaza,Shankill,A98,true,four,Christa Roddy,Christa Roddy,,2018-05-28,false,2,5
330,Alard,Coope,Male,2802,1956-07-01,,acoope95@ask.com,+420306195846,9 4th Lane,Xiapu,,true,four,Alard Coope,Alard Coope,,2016-03-12,true,1,16
331,Melodee,Dahl,Female,2906,1946-04-13,,,+420840805935,16 Green Ridge Circle,Pataha,,false,one,,Melodee Dahl,,2020-07-02,false,1,24
332,Leese,Smullen,Female,4652,1945-02-26,,,,6 Northridge Crossing,Rakai,,false,one,Leese Smullen,Leese Smullen,,2015-08-28,false,4,21
333,Tymon,Greenall,Male,9401,1925-10-15,,tgreenall98@tinypic.com,+420204478052,440 Drewry Road,Évora,7000-062,false,three,Tymon Greenall,,,2021-02-15,false,3,6
334,Dorthy,Ayer,Female,2910,1941-02-10,,dayer99@live.com,,7 Towne Pass,Mosjøen,8664,false,four,,Dorthy Ayer,"Duis bibendum. Morbi non quam nec dui luctus rutrum. Nulla tellus.

In sagittis dui vel nisl. Duis ac nibh. Fusce lacus purus, aliquet at, feugiat non, pretium quis, lectus.

Suspendisse potenti. In eleifend quam a odio. In hac habitasse platea dictumst.",2020-07-27,true,1,23
335,Antonella,Ludwikiewicz,Female,9520,1935-07-26,,aludwikiewicz9a@ebay.co.uk,,91 Fordem Circle,Xinhua,,false,three,Antonella Ludwikiewicz,Antonella Ludwikiewicz,,2021-03-19,true,3,21
336,Lars,Connochie,Male,5205,1959-04-16,,lconnochie9b@psu.edu,+420373828153,50555 Morrow Parkway,Lagyná,,true,three,Lars Connochie,Lars Connochie,,2019-10-15,true,2,16
337,Reinold,Sisland,Male,4433,1970-11-18,,rsisland9c@census.gov,,88301 Muir Terrace,Anle,,true,two,Reinold Sisland,Reinold Sisland,,2019-02-07,false,2,21
338,Foss,Sighart,Male,1607,1960-04-01,,fsighart9d@mysql.com,+420369628770,418 Texas Parkway,Formiga,35570-000,false,none,Foss Sighart,Foss Sighart,,2022-04-22,false,2,11
339,Vina,Pentland,Female,1730,1935-09-12,2006-10-28,vpentland9e@netscape.com,+420175571909,12 Dakota Alley,Firmat,2630,true,two,Vina Pentland,Vina Pentland,"Phasellus in felis. Donec semper sapien a libero. Nam dui.

Proin leo odio, porttitor id, consequat in, consequat ut, nulla. Sed accumsan felis. Ut at dolor quis odio consequat varius.",2017-07-13,false,3,24
340,Shanda,Phethean,Female,8073,1947-10-03,,sphethean9f@drupal.org,+420676970863,3 Welch Trail,Tripoli,,false,one,Shanda Phethean,Shanda Phethean,,2023-07-23,true,2,3
341,Myranda,Guyer,Female,4213,1962-08-20,,mguyer9g@squidoo.com,+420305982919,4 Daystar Way,White River,1256,false,two,Myranda Guyer,Myranda Guyer,,2020-04-04,false,4,10
342,Leontine,Lamplough,Female,435,1941-09-17,,llamplough9h@prnewswire.com,+420329832065,8 Sheridan Street,Nantes,44335 CEDEX 3,false,two,Leontine Lamplough,Leontine Lamplough,,2018-03-13,false,1,17
343,Tiffanie,Wainscoat,Female,161,1943-08-15,,twainscoat9i@bing.com,+420886777709,9 Aberg Terrace,Niaojin,,false,four,Tiffanie Wainscoat,,,2017-07-22,false,2,3
344,Diarmid,Piggens,Male,7480,1969-01-07,,dpiggens9j@360.cn,+420005038105,372 Macpherson Circle,Ushuaia,9410,true,three,Diarmid Piggens,Diarmid Piggens,,2019-07-10,true,1,23
345,Jodi,Kynaston,Male,418,1930-10-15,,,+420966754298,57 Hovde Center,Tanabi,15170-000,false,two,Jodi Kynaston,Jodi Kynaston,,2022-02-02,true,3,6
346,Stormie,Bertome,Female,724,1948-08-04,2015-03-28,,,496 Hoffman Trail,Bardalah,,false,two,Stormie Bertome,Stormie Bertome,,2024-07-19,false,2,24
347,Annabal,Fairpool,Female,2881,1932-04-11,,,,3125 Westerfield Place,Nghi Xuân,,false,one,,,"In sagittis dui vel nisl. Duis ac nibh. Fusce lacus purus, aliquet at, feugiat non, pretium quis, lectus.

Suspendisse potenti. In eleifend quam a odio. In hac habitasse platea dictumst.

Maecenas ut massa quis augue luctus tincidunt. Nulla mollis molestie lorem. Quisque ut erat.",2017-02-02,true,4,15
348,Salmon,Holttom,Male,1156,1924-12-19,,,+420288444876,8 Almo Lane,Chum Phuang,30270,true,four,Salmon Holttom,,,2016-08-08,false,1,11
349,Nadya,Sanson,Female,93,1934-05-29,2021-03-15,nsanson9o@cyberchimps.com,,95 Northfield Crossing,La Cesira,5101,true,three,Nadya Sanson,Nadya Sanson,,2017-04-06,false,3,21
350,Zonda,Grigoryov,Female,4915,1959-01-20,,zgrigoryov9p@bbb.org,+420419661693,4 Linden Road,Xiangshan,,false,three,Zonda Grigoryov,Zonda Grigoryov,,2021-09-26,false,1,12
351,Clint,Perrin,Male,7057,1963-07-31,,cperrin9q@jigsy.com,+420787082181,43 Lillian Plaza,Bangbayang,,true,two,,Clint Perrin,,2022-09-27,true,4,17
352,Mehetabel,Rikard,Female,3286,1967-08-26,2018-10-29,mrikard9r@hatena.ne.jp,+420736075597,639 Basil Street,Sarajevo,,true,two,,Mehetabel Rikard,,2015-11-14,false,3,22
353,Tybi,Hoofe,Female,3799,1922-08-15,2008-02-19,thoofe9s@altervista.org,+420174738922,06292 Arapahoe Place,Dogondoutchi,,true,one,Tybi Hoofe,Tybi Hoofe,In congue. Etiam justo. Etiam pretium iaculis justo.,2015-01-04,false,4,22
354,Crosby,Lineen,Male,1373,1921-02-27,2021-01-22,clineen9t@baidu.com,,8 Reindahl Park,Soweto,1809,false,two,Crosby Lineen,Crosby Lineen,,2019-01-02,true,3,4
355,Clayson,Ashdown,Male,9114,1966-02-11,,cashdown9u@mysql.com,+420059391553,15 Cottonwood Crossing,Villa Castelli,5355,true,three,Clayson Ashdown,Clayson Ashdown,,2021-04-03,false,1,22
356,Lucille,Mawditt,Female,7289,1937-05-31,,,,85 Bunting Lane,Luka nad Jihlavou,588 22,true,three,,Lucille Mawditt,,2021-05-03,false,2,13
357,Sharyl,Spiniello,Female,9440,1951-05-13,,,+420682417767,72 Corscot Court,Baishui,,false,none,Sharyl Spiniello,Sharyl Spiniello,Pellentesque at nulla. Suspendisse potenti. Cras in purus eu magna vulputate luctus.,2017-06-24,true,3,21
358,Oralie,Scad,Female,1276,1928-05-10,,oscad9x@cnn.com,+420465184523,053 Fulton Crossing,Fort Wayne,46852,false,two,,Oralie Scad,,2016-05-05,true,3,9
359,Elisabet,Sancroft,Female,8262,1937-06-06,2008-08-11,esancroft9y@examiner.com,+420252709033,03161 Sullivan Lane,Hinapalanan,4419,false,none,Elisabet Sancroft,Elisabet Sancroft,,2024-04-29,false,4,11
360,Darrell,Warfield,Male,222,1963-02-28,,dwarfield9z@skype.com,+420876190143,8319 Green Lane,Watublapi,,false,two,Darrell Warfield,Darrell Warfield,,2021-12-03,true,3,22
361,Lem,Shepland,Male,9672,1937-08-07,,lsheplanda0@networksolutions.com,+420753240070,0 Barnett Place,Mahajanga,,false,three,Lem Shepland,Lem Shepland,,2015-04-09,false,2,10
362,Emilie,Aymes,Female,7221,1966-12-02,,eaymesa1@de.vu,+420934615534,14893 Schiller Trail,Všenory,252 31,true,one,Emilie Aymes,,,2021-09-22,true,2,24
363,Sheba,Costellow,Female,1387,1947-11-09,,scostellowa2@yale.edu,+420097984444,75 Debra Way,Sucha,89-525,true,none,Sheba Costellow,Sheba Costellow,,2020-02-18,true,2,8
364,Neala,Habbershon,Female,5561,1920-04-21,,nhabbershona3@google.it,+420396874803,45 American Ash Plaza,Bojongsari,,false,none,,,,2015-04-09,false,2,9
365,Tam,Brockie,Male,3792,1969-04-13,2016-06-11,tbrockiea4@sohu.com,+420545476064,2 Victoria Center,Santo António da Charneca,2835-496,false,three,Tam Brockie,Tam Brockie,,2021-07-11,true,1,9
366,Daffy,Goff,Female,7108,1927-05-08,,dgoffa5@ameblo.jp,+420965141707,593 Jenna Circle,Kímolos,,true,none,Daffy Goff,Daffy Goff,,2023-12-09,false,3,10
367,Walker,Laird-Craig,Male,8964,1960-08-09,,wlairdcraiga6@desdev.cn,+420345221456,0 Autumn Leaf Drive,Amerta,,true,three,,Walker Laird-Craig,,2023-12-14,true,4,15
368,Cyrus,Jozefowicz,Male,3995,1938-10-03,,cjozefowicza7@i2i.jp,+420048132634,7242 Brentwood Center,Sing Buri,16150,false,two,,Cyrus Jozefowicz,,2020-11-12,false,4,5
369,Moritz,Turbill,Male,9203,1964-07-30,,,,01 Vidon Trail,Pambuhan,8303,true,two,Moritz Turbill,,,2025-08-03,true,3,5
370,Lexis,Raywood,Female,8214,1969-06-26,,lraywooda9@npr.org,+420350001210,71195 Cardinal Crossing,Jetis,,true,none,Lexis Raywood,Lexis Raywood,,2021-08-01,false,2,24
371,Eyde,Baytrop,Female,9412,1933-10-05,,ebaytropaa@time.com,,17486 International Court,Zhuping,,true,one,Eyde Baytrop,Eyde Baytrop,,2018-05-10,false,1,22
372,Jo-anne,Gauch,Female,1053,1969-09-11,2015-10-07,jgauchab@umich.edu,+420777237027,2267 Hallows Parkway,Zhifang,,false,four,,Jo-anne Gauch,,2018-09-23,true,2,14
373,Rube,Ibert,Male,7852,1939-02-24,2012-06-12,ribertac@ox.ac.uk,,5 Ludington Hill,Baler Baleagung,,false,one,,Rube Ibert,,2017-12-11,false,4,22
374,Lettie,Cockrell,Female,9851,1955-07-30,,lcockrellad@aol.com,+420050976242,894 Spaight Street,Zhengchang,,false,three,,Lettie Cockrell,,2022-07-07,true,4,12
375,Arlan,Jimenez,Male,1490,1962-11-11,,ajimenezae@youtube.com,+420879885955,9 Parkside Road,Évlalo,,true,four,Arlan Jimenez,Arlan Jimenez,,2019-06-12,true,2,16
376,Bert,Rawe,Male,9694,1931-07-17,,braweaf@people.com.cn,+420282071905,438 Fulton Park,Herzliyya,,true,four,,Bert Rawe,,2025-01-03,false,3,21
377,Aaren,Nares,Female,4968,1943-11-02,,anaresag@howstuffworks.com,+420353938114,480 John Wall Drive,Drezdenko,66-530,false,two,Aaren Nares,Aaren Nares,,2019-12-30,true,2,19
378,Britney,Pevreal,Female,7742,1932-05-23,,bpevrealah@house.gov,+420141592810,3 Village Hill,Nūbā,,false,one,,Britney Pevreal,"Pellentesque at nulla. Suspendisse potenti. Cras in purus eu magna vulputate luctus.

Cum sociis natoque penatibus et magnis dis parturient montes, nascetur ridiculus mus. Vivamus vestibulum sagittis sapien. Cum sociis natoque penatibus et magnis dis parturient montes, nascetur ridiculus mus.",2020-04-24,true,4,5
379,Mia,Helwig,Female,8371,1937-08-19,2020-07-02,mhelwigai@blogger.com,+420385120470,418 La Follette Circle,Lugu,,true,three,,Mia Helwig,,2019-10-08,false,1,16
380,Travis,Arnaez,Male,8170,1953-06-04,,tarnaezaj@webnode.com,+420710293768,4646 Sullivan Pass,Mbaké,,false,three,,,"Curabitur at ipsum ac tellus semper interdum. Mauris ullamcorper purus sit amet nulla. Quisque arcu libero, rutrum ac, lobortis vel, dapibus at, diam.",2020-10-12,true,2,12
381,Carlee,Bailess,Female,5966,1965-09-23,2012-10-01,cbailessak@hatena.ne.jp,+420709822924,822 Algoma Terrace,Chur,7006,false,one,Carlee Bailess,Carlee Bailess,,2020-12-19,true,1,6
382,Milissent,Smooth,Female,4130,1931-11-12,2013-09-12,,,720 Independence Hill,Afikpo,,true,none,Milissent Smooth,,,2024-04-09,false,2,15
383,Juanita,Kelk,Female,8940,1920-08-18,,jkelkam@csmonitor.com,+420630562815,909 Tony Avenue,Lingyang,,false,none,Juanita Kelk,Juanita Kelk,Integer tincidunt ante vel ipsum. Praesent blandit lacinia erat. Vestibulum sed magna at nunc commodo placerat.,2022-10-03,true,4,6
384,Tiffy,Lenchenko,Female,6146,1973-11-04,,tlenchenkoan@google.co.uk,+420538673773,468 Troy Crossing,Turbiv,,true,two,Tiffy Lenchenko,Tiffy Lenchenko,,2020-03-14,true,3,19
385,Letisha,Fullalove,Female,4182,1939-02-16,,,+420804918278,32994 Dexter Place,Hanover,N4N,true,one,,Letisha Fullalove,,2024-08-22,false,3,2
386,Marybelle,Gomer,Female,9432,1947-02-20,2014-02-06,mgomerap@time.com,+420788998829,1833 Texas Court,Kui Buri,77150,true,two,Marybelle Gomer,Marybelle Gomer,,2022-11-28,true,4,24
387,Skyler,McLeish,Male,8424,1958-07-13,2013-06-07,smcleishaq@twitpic.com,+420217067763,392 Hansons Junction,Windsor,J1S,true,one,,Skyler McLeish,,2019-04-22,true,2,7
388,Elysia,Udey,Female,6457,1951-01-09,,,+420126200234,5132 Glendale Crossing,Kibondo,,false,one,,Elysia Udey,,2024-04-12,false,3,16
389,Angy,Dahle,Female,7707,1928-07-13,,,+420136650973,19 Boyd Park,Banjar Serangan,,false,four,,Angy Dahle,,2023-10-22,false,1,1
390,Shelby,Utterson,Female,7380,1958-05-09,,suttersonat@google.com,+420352564101,58933 Oakridge Junction,Cabadiangan,1750,false,two,Shelby Utterson,Shelby Utterson,"Vestibulum quam sapien, varius ut, blandit non, interdum in, ante. Vestibulum ante ipsum primis in faucibus orci luctus et ultrices posuere cubilia Curae; Duis faucibus accumsan odio. Curabitur convallis.

Duis consequat dui nec nisi volutpat eleifend. Donec ut dolor. Morbi vel lectus in quam fringilla rhoncus.",2020-03-11,true,3,10
391,Dare,Salterne,Male,2385,1930-05-07,,,+420934235404,56 Crownhardt Street,Cabeçudos,4770-073,true,four,,Dare Salterne,,2015-11-24,true,3,24
392,Keefer,Coton,Male,3019,1933-11-16,,,+420636731682,12 Melvin Hill,Shahrak,,true,three,Keefer Coton,Keefer Coton,,2023-10-23,false,4,3
393,Kerrin,Axup,Female,4365,1947-08-24,,,+420088858072,1538 Del Sol Terrace,Mercedes,11503,true,one,,Kerrin Axup,,2023-12-09,false,2,15
394,Armando,Ducker,Male,5700,1934-02-11,,aduckerax@omniture.com,+420334600230,6222 Rowland Plaza,Al Manshāh,,true,none,Armando Ducker,Armando Ducker,"Fusce consequat. Nulla nisl. Nunc nisl.

Duis bibendum, felis sed interdum venenatis, turpis enim blandit mi, in porttitor pede justo eu massa. Donec dapibus. Duis at velit eu est congue elementum.

In hac habitasse platea dictumst. Morbi vestibulum, velit id pretium iaculis, diam erat fermentum justo, nec condimentum neque sapien placerat ante. Nulla justo.",2018-10-30,false,3,4
395,Geri,Crosser,Male,188,1971-11-13,,,+420953807199,035 Nelson Point,Ludvika,771 31,false,one,,Geri Crosser,,2018-08-24,false,4,1
396,Kayla,Farquar,Female,3074,1935-01-03,,kfarquaraz@bizjournals.com,+420976671897,57 Marcy Court,Chenqing,,true,one,Kayla Farquar,Kayla Farquar,,2024-11-17,false,3,21
397,Rona,Jouanny,Female,3984,1947-10-02,2008-11-11,,+420081438582,65 Delladonna Parkway,'s-Hertogenbosch,5224,false,one,Rona Jouanny,Rona Jouanny,"Duis aliquam convallis nunc. Proin at turpis a pede posuere nonummy. Integer non velit.

Donec diam neque, vestibulum eget, vulputate ut, ultrices vel, augue. Vestibulum ante ipsum primis in faucibus orci luctus et ultrices posuere cubilia Curae; Donec pharetra, magna vestibulum aliquet ultrices, erat tortor sollicitudin mi, sit amet lobortis sapien sapien non mi. Integer ac neque.",2018-10-26,false,4,17
398,Kennett,Drewson,Male,3098,1927-01-27,,kdrewsonb1@php.net,+420481751913,5 Dryden Trail,Chacarita,60112,false,none,,Kennett Drewson,,2019-07-05,true,2,4
399,Reeta,Banes,Female,1514,1958-04-20,2016-04-08,rbanesb2@posterous.com,+420514020829,6591 South Road,Pabuaran,,true,three,,Reeta Banes,,2015-07-28,true,2,15
400,Gauthier,Gerran,Male,8541,1972-10-26,,ggerranb3@woothemes.com,,3 Westridge Lane,Pirajuí,16600-000,false,one,,Gauthier Gerran,"Praesent id massa id nisl venenatis lacinia. Aenean sit amet justo. Morbi ut odio.

Cras mi pede, malesuada in, imperdiet et, commodo vulputate, justo. In blandit ultrices enim. Lorem ipsum dolor sit amet, consectetuer adipiscing elit.",2017-02-08,false,2,9
401,Manya,Woollam,Female,4741,1925-04-19,,mwoollamb4@cbsnews.com,+420934666633,6103 Linden Point,Makiv,,true,four,Manya Woollam,Manya Woollam,,2021-04-11,true,3,1
402,Cheston,Vasyukhichev,Male,8425,1959-09-15,,,+420697950595,64 Dunning Drive,Myaydo,,false,two,Cheston Vasyukhichev,Cheston Vasyukhichev,"Maecenas leo odio, condimentum id, luctus nec, molestie sed, justo. Pellentesque viverra pede ac diam. Cras pellentesque volutpat dui.

Maecenas tristique, est et tempus semper, est quam pharetra magna, ac consequat metus sapien ut nunc. Vestibulum ante ipsum primis in faucibus orci luctus et ultrices posuere cubilia Curae; Mauris viverra diam vitae quam. Suspendisse potenti.

Nullam porttitor lacus at turpis. Donec posuere metus vitae ipsum. Aliquam non mauris.",2020-04-12,false,3,7
403,Rees,Geeves,Male,5019,1971-03-22,,,+420350221939,01529 Marcy Trail,Mariel,,true,three,Rees Geeves,Rees Geeves,,2024-09-11,true,1,15
404,Uriel,Bellwood,Male,622,1933-01-03,,,,140 Walton Point,Gubu,,false,three,,,"Curabitur in libero ut massa volutpat convallis. Morbi odio odio, elementum eu, interdum eu, tincidunt in, leo. Maecenas pulvinar lobortis est.

Phasellus sit amet erat. Nulla tempus. Vivamus in felis eu sapien cursus vestibulum.

Proin eu mi. Nulla ac enim. In tempor, turpis nec euismod scelerisque, quam turpis adipiscing lorem, vitae mattis nibh ligula nec sem.",2017-03-16,true,2,19
405,Zeke,Deerr,Male,9746,1943-08-21,2021-05-16,zdeerrb8@mit.edu,+420461857106,17748 Farragut Place,Lepanto,2417,true,none,Zeke Deerr,Zeke Deerr,,2024-03-07,true,2,5
406,Gavrielle,Billanie,Female,9345,1958-07-06,2013-03-02,,+420906639236,9 Mallory Crossing,Salima,,false,one,Gavrielle Billanie,Gavrielle Billanie,,2016-06-23,true,2,11
407,Currey,Bentame,Male,3529,1955-06-23,2010-09-05,,+420546266905,591 Kropf Court,Lautoka,,true,none,Currey Bentame,Currey Bentame,,2023-07-30,true,1,5
408,Wald,Coast,Male,4682,1937-08-15,,,+420618504005,34652 Judy Court,Jawornik,38-112,false,four,Wald Coast,Wald Coast,,2023-10-05,true,3,16
409,Janet,Chellenham,Female,8001,1930-06-11,,,+420324215147,29201 Artisan Pass,Fenghuo,,false,none,Janet Chellenham,Janet Chellenham,,2017-01-24,false,2,19
410,Aldis,Jakubski,Male,2659,1975-12-06,,,+420643650757,3831 8th Court,Bhakkar,30001,true,three,,Aldis Jakubski,,2018-11-05,true,4,5
411,Raychel,Cohr,Female,3959,1967-08-03,,rcohrbe@sciencedirect.com,+420748312789,5315 Wayridge Alley,Sauga,,false,three,Raychel Cohr,Raychel Cohr,,2024-12-07,true,1,7
412,Tiphany,Skotcher,Female,2680,1933-09-18,,,+420135161484,2646 Clarendon Way,Dayuanhuizu,,true,two,Tiphany Skotcher,,,2021-08-04,false,4,23
413,Alyosha,Ballinger,Male,9102,1965-12-11,,aballingerbg@hp.com,,36 Granby Junction,Marcos,2907,false,two,Alyosha Ballinger,Alyosha Ballinger,,2022-11-16,true,3,6
414,Regen,Blackborow,Male,6279,1969-01-02,,rblackborowbh@yahoo.com,,358 Debs Court,Néa Vrasná,,false,three,,,,2019-03-10,false,2,5
415,Earvin,Sabatini,Male,138,1961-11-26,2005-07-23,,,06421 Bashford Crossing,Wuluquele,,false,one,Earvin Sabatini,Earvin Sabatini,Etiam vel augue. Vestibulum rutrum rutrum neque. Aenean auctor gravida sem.,2019-07-02,true,2,17
416,Lonni,Bedborough,Female,7164,1962-03-10,2025-07-11,lbedboroughbj@blogs.com,+420394610197,494 Pierstorff Way,Semang,,false,none,Lonni Bedborough,Lonni Bedborough,,2024-06-03,true,4,11
417,Alwin,Antoniazzi,Male,4184,1966-02-12,2023-12-22,,+420720406209,0398 Oak Court,Sentieiras,2200-499,true,four,Alwin Antoniazzi,Alwin Antoniazzi,,2017-11-10,true,2,13
418,Lizette,Mallon,Female,9525,1927-10-16,,lmallonbl@livejournal.com,+420416165982,050 Sachtjen Court,Sebegen,,true,three,Lizette Mallon,Lizette Mallon,,2019-06-23,false,2,17
419,Dahlia,Rozzier,Female,9508,1945-01-15,,drozzierbm@nature.com,+420415307936,352 Lake View Court,Los Tangos,,false,two,Dahlia Rozzier,Dahlia Rozzier,,2020-03-14,true,1,6
420,Wolfie,Forsdicke,Male,4061,1941-09-28,,wforsdickebn@photobucket.com,+420775899268,4 Melby Circle,Kadujajar,,true,four,Wolfie Forsdicke,Wolfie Forsdicke,,2015-11-24,false,1,22
421,Lynna,Sharpous,Female,1393,1924-04-14,,lsharpousbo@loc.gov,+420883339927,5 Trailsway Lane,Yudong,,true,one,Lynna Sharpous,Lynna Sharpous,,2015-11-18,true,2,17
422,Maurice,Shasnan,Male,7729,1925-11-14,,mshasnanbp@com.com,,625 Myrtle Parkway,Farsta,123 71,true,none,Maurice Shasnan,,,2023-05-13,false,3,19
423,Neron,Bernasek,Male,6306,1951-02-17,,,+420749394463,97 Esker Drive,Karangsembung,,false,four,,Neron Bernasek,,2019-10-03,false,4,12
424,Violette,Franzke,Female,1974,1969-05-09,,,+420525259175,9072 Kedzie Alley,Sofádes,,false,none,Violette Franzke,Violette Franzke,Phasellus in felis. Donec semper sapien a libero. Nam dui.,2017-11-27,true,1,16
425,Prent,Reagan,Male,5388,1969-08-05,,preaganbs@blogtalkradio.com,+420243361612,9093 Ramsey Court,Petukhovo,641642,true,one,Prent Reagan,Prent Reagan,,2018-06-11,false,1,21
426,Fielding,Barltrop,Male,6694,1937-05-02,2018-08-29,fbarltropbt@mozilla.com,,23 Hayes Terrace,Eling,,false,none,,Fielding Barltrop,"Curabitur at ipsum ac tellus semper interdum. Mauris ullamcorper purus sit amet nulla. Quisque arcu libero, rutrum ac, lobortis vel, dapibus at, diam.",2023-10-23,false,4,2
427,Fedora,Yitzovitz,Female,4051,1920-05-13,,fyitzovitzbu@unicef.org,,27798 Novick Avenue,Valence,26907 CEDEX 9,false,none,,Fedora Yitzovitz,,2020-06-28,true,3,16
428,Leoine,Kemell,Female,1864,1948-02-03,,lkemellbv@pagesperso-orange.fr,+420099236659,5 Spenser Way,Piúma,29285-000,false,three,Leoine Kemell,Leoine Kemell,"Proin leo odio, porttitor id, consequat in, consequat ut, nulla. Sed accumsan felis. Ut at dolor quis odio consequat varius.",2024-08-13,false,2,16
429,Rutger,Elles,Male,3717,1930-02-13,,rellesbw@tripod.com,+420845022974,3 International Point,Lanta Timur,,true,two,Rutger Elles,Rutger Elles,,2021-01-12,false,1,8
430,Heather,Malam,Female,9417,1971-04-10,,hmalambx@tinypic.com,+420054361273,1770 Darwin Junction,Yongjiu,,true,one,Heather Malam,Heather Malam,,2024-12-16,true,3,16
431,Perkin,Janku,Male,9473,1952-11-23,2016-07-27,,+420435826563,81 Iowa Circle,Wailang,,false,four,Perkin Janku,,,2024-07-15,false,3,10
432,Jeannie,Hotson,Female,97,1930-11-09,,,+420449104889,6068 Buhler Plaza,Višňové,671 38,true,one,Jeannie Hotson,,,2017-01-30,false,1,4
433,Sidonia,Luckwell,Female,8525,1969-07-15,2008-05-28,sluckwellc0@microsoft.com,+420364883477,6 Shopko Alley,Bagikkedok Lauk,,true,one,Sidonia Luckwell,Sidonia Luckwell,,2020-03-29,false,3,10
434,Louisa,Daspar,Female,8698,1968-12-12,,ldasparc1@jiathis.com,+420757796172,537 Golf Course Park,Sremčica,,true,three,Louisa Daspar,Louisa Daspar,,2021-10-15,false,1,9
435,Gerrard,Croci,Male,6171,1925-07-21,2022-05-31,gcrocic2@archive.org,+420301969182,8 Pawling Road,Sumberpinang Satu,,true,four,Gerrard Croci,Gerrard Croci,,2021-11-01,true,1,13
436,Dulciana,Dotson,Female,205,1943-12-10,2021-01-07,ddotsonc3@army.mil,+420901878457,84 Laurel Street,Trŭn,2477,true,none,,Dulciana Dotson,"Proin interdum mauris non ligula pellentesque ultrices. Phasellus id sapien in sapien iaculis congue. Vivamus metus arcu, adipiscing molestie, hendrerit at, vulputate vitae, nisl.

Aenean lectus. Pellentesque eget nunc. Donec quis orci eget orci vehicula condimentum.",2023-11-23,true,3,11
437,Allen,Lambirth,Male,48,1926-02-12,,,+420591777111,4617 Dexter Court,Jajawai,,false,none,Allen Lambirth,Allen Lambirth,,2025-10-05,false,4,18
438,Kaine,Czapla,Male,1455,1926-01-03,,,+420818696588,4 Muir Alley,Wang Sam Mo,41380,true,four,Kaine Czapla,Kaine Czapla,,2024-04-14,false,3,11
439,Angel,Quirk,Male,5562,1950-02-18,,aquirkc6@bbb.org,,38320 Loftsgordon Crossing,Baizhang,,true,four,Angel Quirk,Angel Quirk,"Suspendisse potenti. In eleifend quam a odio. In hac habitasse platea dictumst.

Maecenas ut massa quis augue luctus tincidunt. Nulla mollis molestie lorem. Quisque ut erat.",2018-12-26,true,1,16
440,Gabriell,Duetsche,Female,7358,1949-03-12,2005-04-28,,+420370462831,802 Pierstorff Court,Ruyigi,,false,one,Gabriell Duetsche,Gabriell Duetsche,,2025-06-27,false,4,24
441,Cathleen,Aplin,Female,3992,1944-09-19,,,+420803211652,660 Surrey Circle,Lisieux,14109 CEDEX,false,none,Cathleen Aplin,Cathleen Aplin,"Aenean lectus. Pellentesque eget nunc. Donec quis orci eget orci vehicula condimentum.

Curabitur in libero ut massa volutpat convallis. Morbi odio odio, elementum eu, interdum eu, tincidunt in, leo. Maecenas pulvinar lobortis est.",2024-11-07,false,4,21
442,Lucia,Pollie,Female,3282,1944-01-16,,lpolliec9@ustream.tv,+420763323526,4 Scott Court,Alfena,4445-005,false,none,,Lucia Pollie,,2024-04-15,false,4,5
443,Jamaal,Tatem,Male,8363,1958-09-20,,jtatemca@people.com.cn,+420741426326,4 Westerfield Trail,Kyustendil,2599,false,two,,Jamaal Tatem,,2025-09-21,true,2,9
444,Melisse,Wallbridge,Female,4237,1951-05-29,,mwallbridgecb@cornell.edu,+420070870609,5540 Golden Leaf Pass,Welkom,9488,false,one,Melisse Wallbridge,Melisse Wallbridge,,2017-04-01,false,2,14
445,Ruddy,Wanek,Male,5560,1959-06-27,2013-08-08,rwanekcc@mayoclinic.com,,18 Lindbergh Hill,Tugusirna,,true,none,Ruddy Wanek,Ruddy Wanek,,2024-02-03,false,3,7
446,Hagen,Keohane,Male,5228,1948-06-23,2015-11-08,hkeohanecd@salon.com,,51857 Hovde Junction,Maogang,,true,one,,Hagen Keohane,,2022-01-20,false,2,23
447,Etheline,Mallows,Female,113,1936-12-19,,emallowsce@nydailynews.com,,1523 Kropf Alley,Funga,,true,three,,Etheline Mallows,"In hac habitasse platea dictumst. Morbi vestibulum, velit id pretium iaculis, diam erat fermentum justo, nec condimentum neque sapien placerat ante. Nulla justo.

Aliquam quis turpis eget elit sodales scelerisque. Mauris sit amet eros. Suspendisse accumsan tortor quis turpis.

Sed ante. Vivamus tortor. Duis mattis egestas metus.",2022-09-28,false,1,24
448,Sissie,Whiteman,Female,188,1929-05-05,,swhitemancf@omniture.com,+420362543718,40889 Summit Pass,Hostavice,198 00,false,none,Sissie Whiteman,Sissie Whiteman,,2017-02-16,false,1,20
449,Sherri,Apted,Female,7721,1927-12-24,,,+420163384612,0 2nd Trail,Naguanagua,,true,none,Sherri Apted,Sherri Apted,,2018-05-15,false,2,7
450,Hi,Westover,Male,3787,1964-11-13,,,+420306356984,4 Rutledge Hill,Mezhevoy,456926,false,none,Hi Westover,Hi Westover,,2021-11-11,true,3,19
451,Talbert,Pyser,Male,7206,1965-08-23,,,+420567966262,15877 Dayton Hill,Rentung,,true,two,Talbert Pyser,Talbert Pyser,,2017-12-17,false,1,1
452,Florri,Jacomb,Female,6106,1938-04-25,,fjacombcj@rediff.com,+420235868906,4 Victoria Center,Iwanai,511-0514,false,four,,Florri Jacomb,,2021-04-05,true,1,16
453,Bartolemo,Pearle,Male,2518,1924-07-14,,bpearleck@feedburner.com,+420083876663,516 Kinsman Junction,Pendolo,,false,none,Bartolemo Pearle,Bartolemo Pearle,,2024-12-24,false,2,15
454,Thurston,Pickles,Male,4130,1970-08-30,2016-10-12,tpicklescl@zimbio.com,+420928994437,9637 Longview Trail,Kitapak,6711,false,one,,,,2024-11-01,true,1,7
455,Alethea,Doey,Female,4976,1934-09-21,,adoeycm@g.co,+420296517997,4 Havey Road,Oinoússes,,true,three,Alethea Doey,Alethea Doey,,2015-07-20,true,1,6
456,Jerald,Frosdick,Male,8171,1949-04-29,,jfrosdickcn@skyrock.com,+420854318274,9778 Marcy Point,Nzeto,,false,none,Jerald Frosdick,Jerald Frosdick,,2019-05-13,false,2,8
457,Noll,Collinge,Male,2471,1951-02-04,,ncollingeco@telegraph.co.uk,+420018830843,30 Nova Terrace,Guoduwan,,true,two,,Noll Collinge,,2021-09-25,false,2,14
458,Kaiser,Ghidotti,Male,2048,1969-07-19,,kghidotticp@oakley.com,+420327550359,8397 Hoffman Crossing,Mudanjiang,,false,three,Kaiser Ghidotti,Kaiser Ghidotti,,2023-06-17,true,1,8
459,Johnathan,Denacamp,Male,5417,1946-10-02,,jdenacampcq@auda.org.au,,93 Parkside Alley,Cañasgordas,057068,false,two,Johnathan Denacamp,Johnathan Denacamp,,2021-02-12,true,3,10
460,Lombard,Kiossel,Male,1566,1943-12-01,,lkiosselcr@nba.com,,6 Bashford Street,Tongren,,false,four,,Lombard Kiossel,,2017-10-17,false,2,3
461,Lezlie,Cargo,Female,4139,1963-07-23,2016-01-14,lcargocs@howstuffworks.com,,42 Forest Run Junction,Wagini,,true,two,,Lezlie Cargo,,2016-04-20,false,1,11
462,Benson,Kornacki,Male,7951,1931-08-19,,bkornackict@nytimes.com,+420636637624,98 Michigan Street,Jianqiao,,false,one,Benson Kornacki,Benson Kornacki,,2019-11-11,true,2,5
463,Chickie,Govinlock,Female,1795,1947-11-03,,cgovinlockcu@dion.ne.jp,+420381673893,15095 Toban Plaza,Chichinales,8326,false,none,,Chickie Govinlock,,2024-09-22,true,3,16
464,Frederic,Simoncelli,Male,1827,1942-05-07,,,+420379728535,917 Muir Center,Shchukino,452034,true,none,Frederic Simoncelli,Frederic Simoncelli,"Morbi porttitor lorem id ligula. Suspendisse ornare consequat lectus. In est risus, auctor sed, tristique in, tempus sit amet, sem.

Fusce consequat. Nulla nisl. Nunc nisl.",2024-11-30,true,2,14
465,Bart,Ollis,Male,4611,1968-05-11,,bolliscw@ca.gov,,0 Elka Trail,Yinzhu,,false,three,Bart Ollis,Bart Ollis,,2017-11-30,false,3,16
466,Lib,Turban,Female,6809,1964-09-16,,lturbancx@cisco.com,+420004802512,1 Basil Lane,Dama,,true,three,,Lib Turban,"Phasellus sit amet erat. Nulla tempus. Vivamus in felis eu sapien cursus vestibulum.

Proin eu mi. Nulla ac enim. In tempor, turpis nec euismod scelerisque, quam turpis adipiscing lorem, vitae mattis nibh ligula nec sem.

Duis aliquam convallis nunc. Proin at turpis a pede posuere nonummy. Integer non velit.",2017-03-21,false,3,21
467,Clarabelle,Tregido,Female,4338,1959-02-14,,,+420599027347,6 Truax Junction,Satovcha,2956,false,three,,Clarabelle Tregido,"Duis bibendum, felis sed interdum venenatis, turpis enim blandit mi, in porttitor pede justo eu massa. Donec dapibus. Duis at velit eu est congue elementum.

In hac habitasse platea dictumst. Morbi vestibulum, velit id pretium iaculis, diam erat fermentum justo, nec condimentum neque sapien placerat ante. Nulla justo.",2017-05-19,true,4,17
468,Thornie,Imlach,Male,7538,1935-04-19,2005-06-15,,+420229238017,8213 Algoma Court,Villa Ascasubi,5935,true,one,,Thornie Imlach,,2020-06-30,true,3,6
469,Jesus,Keat,Male,7172,1947-10-31,,jkeatd0@purevolume.com,,7317 Kensington Way,Uppsala,754 20,true,none,Jesus Keat,Jesus Keat,,2015-11-29,false,2,22
470,Dean,Benedikt,Male,1197,1924-05-22,2007-01-05,,+420330632313,5072 Prairie Rose Street,Qingxi,,true,four,Dean Benedikt,Dean Benedikt,,2021-09-30,false,4,15
471,Augie,Goning,Male,53,1950-04-28,,,+420011550281,14 Sauthoff Alley,Nova Praha,,true,one,Augie Goning,Augie Goning,,2022-03-05,true,4,16
472,Caritta,Pattenden,Female,5194,1951-05-11,,cpattendend3@ox.ac.uk,+420775043671,66044 Fuller Junction,Stapleford,LN6,true,three,,Caritta Pattenden,,2022-07-10,false,4,14
473,Shannon,Haggerston,Male,8547,1953-01-04,2009-06-19,shaggerstond4@etsy.com,,5 Vahlen Court,General Lavalle,7103,false,one,,Shannon Haggerston,"Curabitur gravida nisi at nibh. In hac habitasse platea dictumst. Aliquam augue quam, sollicitudin vitae, consectetuer eget, rutrum at, lorem.",2015-09-02,false,2,10
474,Winslow,Sandbrook,Male,9788,1936-06-26,2011-07-22,wsandbrookd5@state.tx.us,+420649576781,3 Forest Run Court,Umeå,907 31,true,two,Winslow Sandbrook,Winslow Sandbrook,,2024-04-24,true,3,10
475,Kendre,Pilpovic,Female,4251,1963-12-18,,,+420780995811,7 Trailsway Junction,Ben Arous,,false,three,Kendre Pilpovic,Kendre Pilpovic,,2017-06-28,true,4,9
476,Ernest,Crayker,Male,4052,1938-02-07,,ecraykerd7@t-online.de,+420028666087,8990 Packers Point,Sanzao,,false,one,Ernest Crayker,Ernest Crayker,"Praesent id massa id nisl venenatis lacinia. Aenean sit amet justo. Morbi ut odio.

Cras mi pede, malesuada in, imperdiet et, commodo vulputate, justo. In blandit ultrices enim. Lorem ipsum dolor sit amet, consectetuer adipiscing elit.

Proin interdum mauris non ligula pellentesque ultrices. Phasellus id sapien in sapien iaculis congue. Vivamus metus arcu, adipiscing molestie, hendrerit at, vulputate vitae, nisl.",2020-10-18,false,4,6
477,Gene,Halliday,Male,745,1938-08-25,,ghallidayd8@java.com,+420112920386,20451 Holy Cross Road,Carig,3503,true,one,Gene Halliday,Gene Halliday,,2024-12-09,true,2,12
478,Stanly,Breed,Male,5930,1968-08-21,2023-09-06,,+420885321880,71 Eliot Park,Xiehu,,false,four,Stanly Breed,Stanly Breed,,2019-07-24,true,2,12
479,Tamiko,Bedle,Female,1029,1932-07-13,,,+420628521986,5 Schmedeman Road,Mullagh,V31,false,none,Tamiko Bedle,Tamiko Bedle,"Duis bibendum. Morbi non quam nec dui luctus rutrum. Nulla tellus.

In sagittis dui vel nisl. Duis ac nibh. Fusce lacus purus, aliquet at, feugiat non, pretium quis, lectus.

Suspendisse potenti. In eleifend quam a odio. In hac habitasse platea dictumst.",2020-04-06,false,3,5
480,Carilyn,Scott,Female,4847,1938-02-16,,cscottdb@goo.gl,+420750429214,40279 Gulseth Place,Erie,16550,true,two,,,,2020-12-14,false,2,19
481,Pooh,Sussex,Female,2968,1932-03-16,2024-04-21,,+420151273202,42 Florence Hill,Dalai,,true,three,Pooh Sussex,Pooh Sussex,,2020-09-09,false,4,10
482,Anderson,Corhard,Male,7067,1920-11-10,,acorharddd@hp.com,+420618300254,0 Jana Lane,Kaiama,,true,four,Anderson Corhard,Anderson Corhard,,2023-08-28,true,4,11
483,Rosalie,Ambler,Female,8013,1958-09-15,,ramblerde@bbb.org,,015 Emmet Terrace,Yihe,,false,two,Rosalie Ambler,Rosalie Ambler,,2015-11-01,false,1,7
484,Bent,Merryweather,Male,1964,1927-02-04,,bmerryweatherdf@hubpages.com,+420538710819,71174 Mifflin Court,T’azagyugh,,true,none,Bent Merryweather,Bent Merryweather,,2017-05-18,true,2,10
485,Renata,Freiberg,Female,3234,1962-11-19,,,+420164586859,04 Killdeer Alley,Dupi,,true,none,Renata Freiberg,Renata Freiberg,,2019-06-16,false,2,10
486,Brigham,Haking,Male,723,1957-12-07,,bhakingdh@go.com,+420335197614,3 La Follette Court,Langchuan,,true,four,,Brigham Haking,,2019-08-01,true,1,5
487,Jenilee,Najara,Female,6845,1971-05-02,,,+420678424435,2653 Holmberg Park,San Luis,733008,false,two,,Jenilee Najara,,2022-09-01,true,2,20
488,Clark,Tytherton,Male,1957,1950-03-10,,ctythertondj@forbes.com,,1156 Nobel Street,Jiaoba,,false,two,,Clark Tytherton,"Cras mi pede, malesuada in, imperdiet et, commodo vulputate, justo. In blandit ultrices enim. Lorem ipsum dolor sit amet, consectetuer adipiscing elit.

Proin interdum mauris non ligula pellentesque ultrices. Phasellus id sapien in sapien iaculis congue. Vivamus metus arcu, adipiscing molestie, hendrerit at, vulputate vitae, nisl.

Aenean lectus. Pellentesque eget nunc. Donec quis orci eget orci vehicula condimentum.",2021-07-19,true,1,4
489,Salvador,Hammerson,Male,7787,1947-07-27,,shammersondk@gizmodo.com,+420996136458,69774 Park Meadow Trail,Banjar Desa,,false,four,Salvador Hammerson,Salvador Hammerson,,2015-09-29,true,4,11
490,Mathilde,Brotherhed,Female,883,1942-07-01,,mbrotherheddl@amazonaws.com,+420780255794,04856 Bartelt Lane,Dagang,,true,four,Mathilde Brotherhed,Mathilde Brotherhed,,2017-09-21,true,3,19
491,Luca,Orrell,Male,7508,1934-10-20,2012-05-11,lorrelldm@cafepress.com,,6307 Barnett Circle,Strabychovo,,true,two,Luca Orrell,Luca Orrell,,2017-06-25,true,2,2
492,Ignaz,Watson-Brown,Male,8776,1922-07-29,,iwatsonbrowndn@mapquest.com,+420330918460,86 Shelley Point,Länsi-Turunmaa,33450,true,one,,Ignaz Watson-Brown,,2021-12-18,false,3,22
493,Del,Cescot,Male,9035,1975-03-08,,dcescotdo@hud.gov,+420312667528,432 International Pass,Baoyang,,false,two,Del Cescot,Del Cescot,,2017-06-10,false,3,12
494,Kevon,Bautiste,Male,1718,1933-10-17,,kbautistedp@amazon.com,+420133876686,14012 Canary Pass,Bakau,,false,three,,Kevon Bautiste,,2016-07-29,false,4,5
495,Radcliffe,Dolby,Male,4634,1929-07-07,2013-06-18,rdolbydq@howstuffworks.com,+420397391582,28 Helena Plaza,Port-Vila,,false,four,Radcliffe Dolby,Radcliffe Dolby,,2023-07-30,false,3,19
496,Danielle,Marie,Female,8764,1966-06-10,,dmariedr@sina.com.cn,,71513 Hanover Plaza,Dibulla,446017,true,none,Danielle Marie,Danielle Marie,,2018-07-06,false,4,12
497,Bourke,Yeabsley,Male,6872,1966-12-09,2014-07-12,byeabsleyds@mtv.com,+420490005104,0 Johnson Crossing,Kaliterus,,false,one,Bourke Yeabsley,Bourke Yeabsley,,2020-09-13,false,4,16
498,Maren,Carss,Female,3334,1967-03-21,,mcarssdt@nyu.edu,,45 Tennyson Junction,Masachapa,,false,none,Maren Carss,Maren Carss,,2015-07-20,false,1,8
499,Cordie,Dahlgren,Male,4900,1955-12-29,,,+420901569216,0 Milwaukee Plaza,Chuandao,,true,four,Cordie Dahlgren,Cordie Dahlgren,,2022-06-26,true,4,18
500,Adelbert,Chalfain,Male,451,1972-06-24,,achalfaindv@archive.org,+420088147340,82821 4th Point,Huazhou,,true,four,,Adelbert Chalfain,,2023-08-24,true,4,12
501,Hettie,Whittock,Female,5209,1924-04-02,,hwhittockdw@sourceforge.net,,2658 Nova Hill,Sukomulyo,,true,three,Hettie Whittock,Hettie Whittock,,2021-09-23,true,1,8
502,Randi,Bulfield,Female,8851,1949-06-28,,rbulfielddx@weather.com,+420389352009,0128 Anniversary Way,Liudong,,false,four,Randi Bulfield,Randi Bulfield,,2024-03-29,false,1,1
503,Sergei,McOrkill,Male,7758,1973-01-13,,smcorkilldy@guardian.co.uk,+420018001456,93 Eastlawn Crossing,Pedro Carbo,,false,two,Sergei McOrkill,Sergei McOrkill,,2017-12-24,true,2,14
504,My,Besnardeau,Male,6160,1943-12-12,,mbesnardeaudz@upenn.edu,+420337412641,2333 4th Road,Medellín,051059,false,none,My Besnardeau,My Besnardeau,,2021-07-29,true,4,11
505,King,Calbreath,Male,9918,1962-03-12,,kcalbreathe0@webs.com,+420774118269,79 Clemons Hill,Erfangping,,true,four,,King Calbreath,,2016-04-26,true,3,12
506,Mord,O'Fihily,Male,9171,1935-07-22,2005-01-01,,+420369531948,477 Arkansas Road,Hāgere Hiywet,,false,four,,Mord O'Fihily,,2025-03-04,true,4,14
507,Elwin,Easterbrook,Male,5344,1947-09-04,2021-01-19,eeasterbrooke2@omniture.com,,15320 Rockefeller Terrace,Houxixi,,true,two,Elwin Easterbrook,Elwin Easterbrook,,2018-12-20,false,4,4
508,Lenna,Hentze,Female,470,1965-07-01,2010-06-12,lhentzee3@pbs.org,,03 Marquette Point,Talcahuano,,true,none,Lenna Hentze,,,2016-11-08,false,4,18
509,Malynda,Wynrahame,Female,7449,1922-09-11,,mwynrahamee4@berkeley.edu,,4 Cardinal Trail,Chulakivka,,true,four,,Malynda Wynrahame,,2025-05-16,true,2,14
510,Gerta,Gurg,Female,8748,1939-06-22,,ggurge5@is.gd,+420856973203,01 New Castle Junction,Piteå,941 47,false,two,Gerta Gurg,Gerta Gurg,,2019-08-09,false,1,12
511,Charmion,Conkling,Female,4366,1935-02-16,,cconklinge6@tmall.com,+420866303863,50 Scoville Junction,Oslo,0984,true,three,Charmion Conkling,Charmion Conkling,"Curabitur gravida nisi at nibh. In hac habitasse platea dictumst. Aliquam augue quam, sollicitudin vitae, consectetuer eget, rutrum at, lorem.",2024-03-12,true,2,2
512,Collete,Lebbon,Female,2332,1937-01-12,2023-12-03,clebbone7@rambler.ru,+420708782412,72339 Mariners Cove Plaza,El Sauce,,true,three,Collete Lebbon,Collete Lebbon,,2017-12-25,false,2,18
513,Uta,Santorini,Female,1713,1954-08-27,,,+420684959013,76972 Troy Crossing,Sukajadi,,false,one,,Uta Santorini,,2025-01-08,false,1,3
514,Mace,Bampkin,Male,5373,1940-12-30,2024-02-06,mbampkine9@quantcast.com,+420475671695,53612 Welch Drive,Stockholm,107 07,false,none,Mace Bampkin,Mace Bampkin,,2021-05-25,true,2,6
515,Kean,Gallihaulk,Male,1608,1963-09-08,,,,173 Ruskin Way,Manevychi,,true,two,Kean Gallihaulk,Kean Gallihaulk,,2017-07-27,false,2,13
516,Homer,Levins,Male,7579,1952-10-08,,,+420766426874,94149 Marquette Hill,München,80804,false,none,Homer Levins,Homer Levins,,2016-12-18,true,2,5
517,Obed,Plover,Male,7180,1942-06-11,,oploverec@dedecms.com,+420936858962,00 Macpherson Avenue,Magog,J1X,false,four,Obed Plover,Obed Plover,Etiam vel augue. Vestibulum rutrum rutrum neque. Aenean auctor gravida sem.,2022-04-14,true,4,7
518,Lenora,Gallant,Female,8632,1962-03-29,,lgallanted@irs.gov,+420462322812,82 Morning Junction,Muaralembu,,false,three,,Lenora Gallant,,2017-06-15,false,2,7
519,Dulsea,Bennedick,Female,678,1949-08-07,,dbennedickee@examiner.com,,79409 Sauthoff Drive,Osieczna,83-242,false,none,Dulsea Bennedick,Dulsea Bennedick,,2020-02-15,false,4,12
520,Randie,Brookz,Female,4754,1970-01-05,,rbrookzef@ning.com,+420644926836,2 Artisan Junction,Kaskinen,64260,false,two,Randie Brookz,Randie Brookz,,2019-06-23,true,4,24
521,Almeda,Dobson,Female,5604,1948-06-18,,adobsoneg@marriott.com,+420305146864,2637 Dorton Place,Yekimovichi,216533,false,three,Almeda Dobson,Almeda Dobson,,2019-01-20,false,2,2
522,Eugenio,Hillock,Male,8856,1951-07-19,2012-10-30,ehillockeh@psu.edu,,9 Stang Court,Bagroy,5309,false,none,Eugenio Hillock,Eugenio Hillock,,2024-12-06,false,1,9
523,Ilaire,Lorne,Male,7980,1938-06-22,,ilorneei@cbslocal.com,+420170084448,2 Del Mar Circle,Villa Regina,8336,false,none,Ilaire Lorne,,"In congue. Etiam justo. Etiam pretium iaculis justo.

In hac habitasse platea dictumst. Etiam faucibus cursus urna. Ut tellus.

Nulla ut erat id mauris vulputate elementum. Nullam varius. Nulla facilisi.",2023-04-13,false,2,15
524,Heidi,Karpfen,Female,4547,1952-01-19,,hkarpfenej@wiley.com,,36538 Lillian Center,Skrwilno,87-510,true,three,,Heidi Karpfen,"Phasellus sit amet erat. Nulla tempus. Vivamus in felis eu sapien cursus vestibulum.

Proin eu mi. Nulla ac enim. In tempor, turpis nec euismod scelerisque, quam turpis adipiscing lorem, vitae mattis nibh ligula nec sem.",2024-03-03,true,2,8
525,Edsel,Burrows,Male,7923,1939-09-14,2025-02-11,eburrowsek@google.com.hk,+420130294480,9007 Killdeer Way,Zandak,368160,false,four,Edsel Burrows,Edsel Burrows,,2017-02-01,true,4,11
526,Vita,Ralestone,Female,914,1930-06-02,2005-04-28,vralestoneel@nih.gov,+420476168994,6 Texas Parkway,La Virtud,,true,three,Vita Ralestone,Vita Ralestone,,2025-07-22,false,2,10
527,Renard,Berka,Male,1552,1929-08-29,,rberkaem@i2i.jp,,30713 Wayridge Hill,Nakkila,29251,true,three,,Renard Berka,"Praesent id massa id nisl venenatis lacinia. Aenean sit amet justo. Morbi ut odio.

Cras mi pede, malesuada in, imperdiet et, commodo vulputate, justo. In blandit ultrices enim. Lorem ipsum dolor sit amet, consectetuer adipiscing elit.

Proin interdum mauris non ligula pellentesque ultrices. Phasellus id sapien in sapien iaculis congue. Vivamus metus arcu, adipiscing molestie, hendrerit at, vulputate vitae, nisl.",2025-10-15,true,3,4
528,Nathan,Jozefczak,Male,5009,1975-12-21,,njozefczaken@icq.com,+420306697821,5 Maple Drive,Las Mesas,,true,three,Nathan Jozefczak,Nathan Jozefczak,"Praesent id massa id nisl venenatis lacinia. Aenean sit amet justo. Morbi ut odio.

Cras mi pede, malesuada in, imperdiet et, commodo vulputate, justo. In blandit ultrices enim. Lorem ipsum dolor sit amet, consectetuer adipiscing elit.",2022-09-20,true,4,21
529,Wendi,Gilderoy,Female,4657,1952-02-12,2006-10-12,wgilderoyeo@yale.edu,+420621650606,185 Waywood Point,Nglengkir,,true,three,,Wendi Gilderoy,,2018-10-19,false,2,18
530,Dana,Smallcombe,Male,5873,1953-12-04,2017-10-22,dsmallcombeep@1688.com,+420575653132,11 Ohio Way,Zhenlai,,false,none,Dana Smallcombe,Dana Smallcombe,,2024-02-09,false,2,19
531,Dodi,MacGillavery,Female,4592,1932-01-28,2017-05-30,dmacgillaveryeq@chron.com,+420003321355,62 Grim Court,Aqsay,,true,one,Dodi MacGillavery,,,2022-08-14,false,1,16
532,Claudina,Cokayne,Female,2482,1967-03-14,,ccokayneer@upenn.edu,,30 Forest Dale Circle,Potoru,,true,four,Claudina Cokayne,Claudina Cokayne,,2020-09-01,true,3,20
533,Madelyn,Genner,Female,6785,1949-04-11,2015-01-26,,+420921974024,6860 Loeprich Point,Xiniu,,false,two,Madelyn Genner,,,2019-05-30,false,4,23
534,Arvie,Falla,Male,587,1963-05-31,2016-04-23,afallaet@constantcontact.com,+420324518976,30 Quincy Place,Paris 13,75623 CEDEX 13,true,two,Arvie Falla,Arvie Falla,,2024-06-09,true,3,9
535,Aldo,Leaf,Male,2797,1946-04-14,2011-10-15,aleafeu@pinterest.com,+420842193651,136 Roxbury Pass,Sumpur Kudus,,true,none,,Aldo Leaf,"Praesent blandit. Nam nulla. Integer pede justo, lacinia eget, tincidunt eget, tempus vel, pede.

Morbi porttitor lorem id ligula. Suspendisse ornare consequat lectus. In est risus, auctor sed, tristique in, tempus sit amet, sem.

Fusce consequat. Nulla nisl. Nunc nisl.",2024-02-15,false,1,6
536,Dorey,Hearnaman,Female,2602,1927-08-10,2020-03-30,dhearnamanev@businessinsider.com,+420440883969,6 Shoshone Alley,Basen,,false,one,Dorey Hearnaman,Dorey Hearnaman,,2021-01-28,true,4,14
537,Delainey,Cowcha,Male,6443,1920-01-06,,dcowchaew@sina.com.cn,+420237944212,98376 Prairieview Street,Conceição da Barra,29960-000,false,two,Delainey Cowcha,Delainey Cowcha,,2018-01-07,false,3,13
538,Gawen,Cokayne,Male,5401,1941-03-27,,gcokayneex@wisc.edu,,2209 Coleman Street,Willemstad,,true,three,,Gawen Cokayne,,2017-07-31,true,2,23
539,Fraze,Lucks,Male,4850,1945-05-07,2011-10-19,,,64819 Kennedy Street,Unaí,38610-000,true,three,Fraze Lucks,,,2019-10-29,false,1,5
540,Elmore,Minshull,Male,3722,1955-04-17,,eminshullez@tinypic.com,+420712849000,17 North Hill,Agía Foteiní,,true,three,Elmore Minshull,Elmore Minshull,,2024-07-25,false,3,19
541,Jerrine,Dewdeny,Female,7496,1938-04-20,,jdewdenyf0@indiatimes.com,+420216317682,11 Northfield Place,Baishi,,false,one,Jerrine Dewdeny,Jerrine Dewdeny,,2015-07-15,true,4,23
542,Rycca,Worral,Female,7001,1947-08-31,2008-02-27,rworralf1@va.gov,+420185283420,001 Sycamore Hill,Pampachiri,,true,none,Rycca Worral,Rycca Worral,,2019-10-22,false,4,6
543,Noe,Riseley,Male,3394,1950-03-24,,nriseleyf2@cbc.ca,+420688638737,312 Gateway Hill,L’vovskiy,142390,false,four,,Noe Riseley,"Duis bibendum, felis sed interdum venenatis, turpis enim blandit mi, in porttitor pede justo eu massa. Donec dapibus. Duis at velit eu est congue elementum.",2023-07-05,false,4,11
544,Gardiner,Croson,Male,6419,1972-08-21,,gcrosonf3@rediff.com,,177 Roth Court,Samashki,366602,false,four,Gardiner Croson,Gardiner Croson,,2020-05-28,false,3,1
545,Mandy,Cheetam,Female,3403,1964-06-06,2005-10-22,,+420477686419,57 Kenwood Court,Kalangsari,,false,three,Mandy Cheetam,Mandy Cheetam,"Praesent blandit. Nam nulla. Integer pede justo, lacinia eget, tincidunt eget, tempus vel, pede.

Morbi porttitor lorem id ligula. Suspendisse ornare consequat lectus. In est risus, auctor sed, tristique in, tempus sit amet, sem.

Fusce consequat. Nulla nisl. Nunc nisl.",2022-02-15,false,4,4
546,Kaylyn,Giotto,Female,6204,1936-06-04,,,+420283594943,6 Esch Place,Kant,,false,two,Kaylyn Giotto,Kaylyn Giotto,,2017-06-08,true,1,13
547,Bryna,Cool,Female,1971,1948-08-15,2010-06-01,,+420684341605,78828 Brentwood Terrace,Tianhu,,true,none,Bryna Cool,Bryna Cool,In congue. Etiam justo. Etiam pretium iaculis justo.,2020-03-12,false,2,6
548,Selestina,Yashaev,Female,9352,1970-01-11,,syashaevf7@unesco.org,,8 Waywood Street,São Marcos da Serra,8375-254,false,none,Selestina Yashaev,Selestina Yashaev,,2017-02-16,false,1,22
549,Hill,Le Lievre,Male,9258,1945-11-11,,,+420660994259,73727 Chive Lane,Balatero,1489,false,three,,Hill Le Lievre,,2024-03-13,true,4,23
550,Berkly,Mont,Male,3704,1971-11-08,,bmontf9@artisteer.com,+420012894435,23 Buhler Drive,Kameoka,992-0321,true,three,Berkly Mont,Berkly Mont,,2015-02-17,true,3,4
551,Mavra,Kos,Female,8446,1920-04-24,,mkosfa@squarespace.com,+420401621691,462 Northland Trail,Shuiyin,,false,three,Mavra Kos,Mavra Kos,,2022-03-09,false,4,21
552,Allsun,Spraggs,Female,6674,1950-04-23,,aspraggsfb@mail.ru,+420312693426,3408 Longview Trail,Darungan,,true,four,Allsun Spraggs,Allsun Spraggs,,2020-01-08,true,3,21
553,Van,Champneys,Female,6687,1973-05-02,,,,44 Ryan Hill,Folques,3300-265,false,one,Van Champneys,Van Champneys,"In sagittis dui vel nisl. Duis ac nibh. Fusce lacus purus, aliquet at, feugiat non, pretium quis, lectus.",2020-03-15,true,4,12
554,Lawry,Deverock,Male,7656,1952-08-09,,ldeverockfd@utexas.edu,+420202830595,54 Clove Hill,Kauman,,false,four,,Lawry Deverock,,2025-07-24,false,3,19
555,Lorrayne,Newtown,Female,7887,1958-04-05,,lnewtownfe@techcrunch.com,+420967201033,04 Atwood Plaza,Sanxi,,true,four,Lorrayne Newtown,Lorrayne Newtown,,2020-06-19,true,2,11
556,Rosmunda,Nickerson,Female,9253,1975-09-03,,rnickersonff@hhs.gov,+420599171249,8308 Fulton Parkway,Chugay,,true,one,,Rosmunda Nickerson,,2016-11-13,true,1,13
557,Tim,Dreng,Female,1066,1974-11-05,,tdrengfg@uol.com.br,,43 Mesta Junction,Sydney,1171,false,three,Tim Dreng,Tim Dreng,,2018-10-21,false,3,19
558,Darrick,Poate,Male,7733,1925-05-23,,dpoatefh@arizona.edu,+420799434781,8 Rigney Road,Zbarazh,,true,two,Darrick Poate,,,2017-10-24,true,1,11
559,Mandel,Eastcourt,Male,1735,1956-11-03,,meastcourtfi@google.es,+420628509490,57100 Mosinee Parkway,Pingqiao,,true,three,Mandel Eastcourt,Mandel Eastcourt,,2017-06-02,true,1,11
560,Jareb,Murrhardt,Male,7395,1952-08-01,2023-03-21,,+420351849844,326 Gale Court,Itaitinga,61880-000,false,three,Jareb Murrhardt,Jareb Murrhardt,,2025-02-24,false,4,1
561,Amabelle,Knagges,Female,8025,1921-05-24,,aknaggesfk@squarespace.com,+420339592974,565 Rowland Road,Béoumi,,false,three,Amabelle Knagges,Amabelle Knagges,"Integer ac leo. Pellentesque ultrices mattis odio. Donec vitae nisi.

Nam ultrices, libero non mattis pulvinar, nulla pede ullamcorper augue, a suscipit nulla elit ac nulla. Sed vel enim sit amet nunc viverra dapibus. Nulla suscipit ligula in lacus.

Curabitur at ipsum ac tellus semper interdum. Mauris ullamcorper purus sit amet nulla. Quisque arcu libero, rutrum ac, lobortis vel, dapibus at, diam.",2019-08-11,true,4,17
562,Sayre,Moger,Male,8528,1955-07-06,,smogerfl@ucoz.com,+420289505862,2 Kensington Parkway,Lesnoye,238703,true,none,Sayre Moger,Sayre Moger,,2022-11-23,false,3,20
563,Filberte,Skellern,Male,3452,1966-08-05,,fskellernfm@china.com.cn,+420198343250,67805 Nobel Junction,Şanā’,,true,four,Filberte Skellern,Filberte Skellern,,2020-07-07,true,2,18
564,Vasilis,Ruit,Male,2422,1936-01-01,,vruitfn@free.fr,+420719126809,4945 Ridgeview Lane,Llocllapampa,,true,four,Vasilis Ruit,Vasilis Ruit,,2021-09-11,true,1,7
565,Parsifal,Kivelle,Male,2773,1972-11-27,2024-06-04,pkivellefo@csmonitor.com,+420495323661,818 Debs Drive,Kuching,93520,true,one,Parsifal Kivelle,Parsifal Kivelle,,2023-02-26,true,1,19
566,Sascha,Cuthill,Female,5408,1925-02-11,2005-11-19,scuthillfp@npr.org,,569 Armistice Way,Mwembe,,true,four,Sascha Cuthill,Sascha Cuthill,,2015-02-28,true,4,24
567,Lynde,Kemp,Female,7270,1945-02-28,2018-04-20,lkempfq@cmu.edu,,791 Toban Junction,Lancaster,93584,true,three,,Lynde Kemp,,2020-12-02,true,3,22
568,Cherin,Sugge,Female,8758,1947-09-15,2014-02-03,csuggefr@php.net,+420760850366,83 Banding Street,Storvik,812 30,false,four,Cherin Sugge,Cherin Sugge,,2019-12-11,true,3,4
569,Lawry,Ruppele,Male,1051,1965-04-01,2008-12-01,lruppelefs@fda.gov,+420629929700,22 Dakota Trail,Buyunshan,,true,two,Lawry Ruppele,Lawry Ruppele,,2019-08-05,true,2,18
570,Bud,Larcher,Male,9899,1959-12-11,,blarcherft@sciencedaily.com,,96130 Bunker Hill Road,Bangangté,,true,three,Bud Larcher,Bud Larcher,,2025-01-11,true,4,9
571,Gerrard,Coales,Male,9571,1952-02-21,2023-01-27,gcoalesfu@dell.com,+420064530866,7258 Sycamore Pass,Kostanay,,false,four,Gerrard Coales,Gerrard Coales,,2019-08-19,true,2,11
572,Pandora,Frays,Female,9759,1923-07-18,,pfraysfv@businessinsider.com,+420078473749,882 Truax Junction,Kotri,76000,false,four,,Pandora Frays,,2017-12-15,true,1,5
573,Carmelina,Cowap,Female,2102,1932-06-12,2025-08-29,,,53 Sheridan Alley,Barranca,,true,two,Carmelina Cowap,Carmelina Cowap,"Cum sociis natoque penatibus et magnis dis parturient montes, nascetur ridiculus mus. Vivamus vestibulum sagittis sapien. Cum sociis natoque penatibus et magnis dis parturient montes, nascetur ridiculus mus.

Etiam vel augue. Vestibulum rutrum rutrum neque. Aenean auctor gravida sem.",2020-07-02,false,3,8
574,Joy,Maciejak,Female,1553,1941-06-21,2007-05-20,jmaciejakfx@shinystat.com,,6247 Jackson Lane,Baalbek,,false,two,Joy Maciejak,Joy Maciejak,,2019-12-12,true,3,24
575,Jennine,Zute,Female,8342,1975-01-15,,,+420888322350,62 Ryan Center,Ban Phan Don,41220,true,three,,Jennine Zute,,2016-01-01,true,2,22
576,Clerissa,McCowen,Female,2576,1961-05-02,,cmccowenfz@mashable.com,+420718563920,9022 School Trail,Baños,,true,two,,Clerissa McCowen,,2024-04-28,true,1,4
577,Michelle,Tatters,Female,7221,1946-02-23,,,+420369231328,32397 Talisman Junction,Asarum,374 53,true,one,,,,2017-08-18,false,3,2
578,Clarine,Edmed,Female,3127,1960-01-20,,cedmedg1@cargocollective.com,+420350173332,670 Sage Way,Shantou,,false,two,,,"Donec diam neque, vestibulum eget, vulputate ut, ultrices vel, augue. Vestibulum ante ipsum primis in faucibus orci luctus et ultrices posuere cubilia Curae; Donec pharetra, magna vestibulum aliquet ultrices, erat tortor sollicitudin mi, sit amet lobortis sapien sapien non mi. Integer ac neque.

Duis bibendum. Morbi non quam nec dui luctus rutrum. Nulla tellus.",2023-01-18,true,4,7
579,Sholom,Clapp,Male,7156,1949-07-18,2010-06-29,,+420115097386,825 Riverside Junction,Juncalito Abajo,10801,false,one,,Sholom Clapp,,2020-08-06,true,2,24
580,Cash,Hellin,Male,6212,1947-06-06,,chelling3@nyu.edu,+420606655303,97 Westridge Pass,Kanugrahan,,false,three,Cash Hellin,Cash Hellin,,2020-04-11,false,3,19
581,Ottilie,MacGray,Female,8485,1959-12-04,2020-04-26,omacgrayg4@surveymonkey.com,+420016405069,3 Anzinger Point,Guanlu,,false,two,Ottilie MacGray,Ottilie MacGray,,2018-01-06,true,4,20
582,Godfree,Rudolfer,Male,1595,1943-08-03,2009-09-29,grudolferg5@squidoo.com,+420019074295,71098 Dexter Circle,Dhahab,,true,two,Godfree Rudolfer,Godfree Rudolfer,,2019-09-02,true,2,17
583,Nelia,Gawthorp,Female,3632,1947-02-14,2010-02-21,,,866 Independence Lane,Porkhov,164646,true,none,Nelia Gawthorp,Nelia Gawthorp,,2019-04-01,false,1,7
584,Mikey,Lingfoot,Male,3532,1963-01-08,,mlingfootg7@xrea.com,+420252757491,732 Manley Alley,Mauhao,5214,true,three,,Mikey Lingfoot,,2025-04-15,true,3,1
585,Bank,Barton,Male,2084,1934-12-02,,,+420618722030,9 Lawn Trail,Kanália,,false,three,Bank Barton,Bank Barton,,2017-02-23,true,2,14
586,Nealon,Daviot,Male,8464,1923-09-30,2023-11-01,ndaviotg9@goo.ne.jp,+420603023475,05984 Raven Road,Pak Chom,42150,false,four,Nealon Daviot,Nealon Daviot,,2015-10-03,false,1,2
587,Melina,Doble,Female,4995,1955-05-03,,mdoblega@mit.edu,,0044 Green Terrace,Blučina,664 56,true,one,Melina Doble,Melina Doble,,2019-09-06,false,3,17
588,Darrick,Fairlem,Male,7209,1973-07-14,,dfairlemgb@phpbb.com,+420080634553,879 Russell Circle,Ágios Vasíleios,,true,two,Darrick Fairlem,Darrick Fairlem,,2018-02-07,false,4,4
589,Astrid,Deverille,Female,4985,1960-05-08,,adeverillegc@ox.ac.uk,,76 Parkside Pass,Taiping,,false,two,,Astrid Deverille,,2024-09-29,true,4,14
590,Marty,Swanton,Male,3042,1969-07-26,,mswantongd@skyrock.com,+420214393006,624 Dwight Terrace,Zdice,267 51,true,two,Marty Swanton,Marty Swanton,,2020-08-07,true,1,23
591,Mohandas,Hollyard,Male,9821,1942-10-27,2023-02-22,,+420166434231,376 Leroy Way,Zhuhe,,true,none,,Mohandas Hollyard,"Morbi porttitor lorem id ligula. Suspendisse ornare consequat lectus. In est risus, auctor sed, tristique in, tempus sit amet, sem.

Fusce consequat. Nulla nisl. Nunc nisl.

Duis bibendum, felis sed interdum venenatis, turpis enim blandit mi, in porttitor pede justo eu massa. Donec dapibus. Duis at velit eu est congue elementum.",2017-11-16,true,1,8
592,Denni,Hatherleigh,Female,3907,1941-01-19,,dhatherleighgf@studiopress.com,+420858476766,53963 Hoffman Drive,Yangcheng,,true,one,Denni Hatherleigh,Denni Hatherleigh,,2022-01-14,true,1,17
593,Fritz,Scott,Male,1403,1928-09-18,,fscottgg@webs.com,+420295950041,1062 Kings Trail,Pazin,52000,true,one,Fritz Scott,Fritz Scott,,2018-03-09,false,4,18
594,Bev,Cluatt,Female,9259,1962-08-18,,bcluattgh@blogs.com,+420126694041,772 Crest Line Road,Caramuca,,true,two,Bev Cluatt,Bev Cluatt,,2024-11-21,true,3,15
595,Fields,Kaaskooper,Male,5533,1948-11-12,2012-05-04,,+420562691934,710 Ridge Oak Court,Laval,53080 CEDEX 9,true,four,,Fields Kaaskooper,"Phasellus in felis. Donec semper sapien a libero. Nam dui.

Proin leo odio, porttitor id, consequat in, consequat ut, nulla. Sed accumsan felis. Ut at dolor quis odio consequat varius.

Integer ac leo. Pellentesque ultrices mattis odio. Donec vitae nisi.",2018-06-13,true,1,4
596,Dante,Shimman,Male,4252,1928-12-08,,dshimmangj@cafepress.com,+420805114728,70 Browning Park,Jianjiang,,false,two,Dante Shimman,Dante Shimman,,2024-12-07,false,3,10
597,Theressa,Colbridge,Female,5586,1944-02-06,2013-04-08,,+420887423607,94 Dawn Drive,Niquelândia,76420-000,true,none,,Theressa Colbridge,Phasellus sit amet erat. Nulla tempus. Vivamus in felis eu sapien cursus vestibulum.,2023-07-10,false,4,4
598,Dean,Discombe,Male,6082,1966-10-20,,ddiscombegl@facebook.com,+420453232349,75379 Eastwood Avenue,Vũ Quang,,false,two,,Dean Discombe,,2023-01-06,true,4,6
599,Bail,Elsby,Male,4063,1921-03-12,2010-12-23,belsbygm@ftc.gov,+420956129378,29 North Avenue,Jiuquan,,false,four,Bail Elsby,Bail Elsby,"Duis consequat dui nec nisi volutpat eleifend. Donec ut dolor. Morbi vel lectus in quam fringilla rhoncus.

Mauris enim leo, rhoncus sed, vestibulum sit amet, cursus id, turpis. Integer aliquet, massa id lobortis convallis, tortor risus dapibus augue, vel accumsan tellus nisi eu orci. Mauris lacinia sapien quis libero.",2019-07-29,false,2,15
600,Eduardo,Longcaster,Male,8662,1950-02-04,2006-03-01,elongcastergn@smh.com.au,+420871496673,1 Kropf Drive,Gimry,368959,false,two,,,,2021-05-15,true,3,21
601,Constancy,Nussen,Female,2791,1972-01-04,,cnussengo@cdbaby.com,+420531224205,43 Towne Lane,Stanisław Dolny,34-143,true,three,Constancy Nussen,Constancy Nussen,,2019-05-10,true,4,1
602,Care,Jiggins,Male,7697,1953-04-05,2022-04-12,cjigginsgp@miibeian.gov.cn,+420708849602,08063 Saint Paul Street,Ágios Geórgios,,false,one,,Care Jiggins,,2024-10-07,true,1,4
603,Stinky,Jaze,Male,4169,1938-03-06,,sjazegq@rediff.com,+420266438420,87739 Forster Terrace,Shizi,,false,none,Stinky Jaze,Stinky Jaze,,2023-03-22,true,2,10
604,Mireielle,Denerley,Female,3685,1920-05-03,,mdenerleygr@wikimedia.org,+420889512255,13 Muir Plaza,Tepal,,false,three,Mireielle Denerley,Mireielle Denerley,,2019-02-25,true,3,7
605,Beale,Selway,Male,6255,1975-10-21,2005-04-27,,,88300 Clemons Park,Agía Varvára,,false,one,Beale Selway,Beale Selway,,2021-11-09,true,3,15
606,Levey,Goddman,Male,2388,1934-07-18,,lgoddmangt@wikia.com,+420035949070,19419 School Lane,Qifang,,true,two,Levey Goddman,Levey Goddman,,2024-04-16,true,4,16
607,Tabbi,Bruyns,Female,9258,1941-10-18,,,+420281799386,554 Portage Avenue,Brits,0277,false,none,Tabbi Bruyns,,,2021-01-15,false,3,4
608,Raphaela,Vigers,Female,4320,1963-03-18,,,+420160226965,520 Stephen Alley,Surubim,55750-000,false,two,Raphaela Vigers,Raphaela Vigers,,2017-01-22,false,2,9
609,Horacio,Starbucke,Male,8917,1942-04-01,,hstarbuckegw@independent.co.uk,,3 Lunder Lane,Shatou,,false,two,Horacio Starbucke,Horacio Starbucke,Integer ac leo. Pellentesque ultrices mattis odio. Donec vitae nisi.,2017-08-02,false,1,12
610,Aurlie,Reisin,Female,909,1955-02-17,,areisingx@hibu.com,+420197422189,45099 3rd Junction,Sokolovo,412478,false,three,Aurlie Reisin,Aurlie Reisin,In congue. Etiam justo. Etiam pretium iaculis justo.,2018-10-06,false,3,16
611,Latashia,Date,Female,7146,1920-08-16,,ldategy@163.com,,2067 Gina Drive,Ksawerów,95-054,false,one,Latashia Date,Latashia Date,,2017-06-10,true,4,15
612,Haskel,Robillart,Male,2281,1928-05-17,,hrobillartgz@theatlantic.com,+420490360192,050 Badeau Terrace,Qingzhou,,false,none,Haskel Robillart,Haskel Robillart,,2021-01-13,false,4,20
613,Farrand,Spellecy,Female,405,1937-02-26,,fspellecyh0@feedburner.com,,28 Chinook Road,Sosnovyy Bor,601808,false,none,Farrand Spellecy,Farrand Spellecy,,2022-04-04,false,4,15
614,Valentina,Oxherd,Female,6533,1970-05-22,,,+420196170270,2 Birchwood Point,Labrang,,true,two,Valentina Oxherd,Valentina Oxherd,,2020-10-03,false,4,16
615,Consolata,Worcs,Female,4769,1934-07-15,2011-11-21,cworcsh2@nytimes.com,+420979658324,2481 Waubesa Drive,Alajuelita,11001,false,none,Consolata Worcs,Consolata Worcs,,2017-07-04,false,3,12
616,Bartholomew,Steane,Male,6643,1975-01-26,2023-03-16,bsteaneh3@seesaa.net,+420932267262,3 Cambridge Circle,Jakusko,,true,two,Bartholomew Steane,Bartholomew Steane,,2019-05-28,true,1,6
617,Perrine,Hennington,Female,5363,1929-01-23,,phenningtonh4@nba.com,+420492151289,705 Morningstar Crossing,Moss,1508,false,none,Perrine Hennington,Perrine Hennington,,2018-10-01,true,1,20
618,Redd,Cathie,Male,4028,1922-05-23,2006-02-17,rcathieh5@e-recht24.de,+420302818783,6 Holmberg Point,Antequera,,true,four,,Redd Cathie,,2019-12-14,true,2,11
619,Fiona,Pistol,Female,1571,1962-01-04,2018-08-23,fpistolh6@java.com,+420689033555,8378 West Hill,Mortka,628206,true,one,Fiona Pistol,Fiona Pistol,,2024-10-09,false,2,9
620,Jodee,Stockle,Female,9173,1923-11-09,,jstockleh7@vk.com,+420626386896,957 Clove Trail,Liure,,true,none,Jodee Stockle,,,2015-02-26,false,3,15
621,Milli,Carlaw,Female,4250,1939-09-09,,mcarlawh8@blinklist.com,,0768 Calypso Point,Vardablur,,false,two,Milli Carlaw,Milli Carlaw,,2023-11-10,false,4,16
622,Teresa,Moulin,Female,1081,1926-12-14,,,,857 Scoville Way,Claremont,7740,false,four,Teresa Moulin,Teresa Moulin,,2025-07-25,false,1,11
623,Gale,Bowry,Female,4642,1967-04-01,2008-08-17,gbowryha@hubpages.com,+420127673007,1069 Drewry Lane,São Jerônimo,96700-000,false,none,Gale Bowry,Gale Bowry,,2022-03-20,false,2,17
624,Melissa,Guarin,Female,9610,1923-05-10,2018-08-28,mguarinhb@umn.edu,,7670 Quincy Avenue,Sena Madureira,69940-000,true,two,Melissa Guarin,Melissa Guarin,,2015-06-11,true,3,21
625,Bari,Pankethman,Female,8538,1954-06-19,,bpankethmanhc@dagondesign.com,+420206966572,46961 Banding Place,Sigaboy,7116,true,none,Bari Pankethman,Bari Pankethman,,2019-09-11,true,2,11
626,Roger,Clarabut,Male,7032,1933-12-14,2021-05-17,rclarabuthd@studiopress.com,,8386 Lawn Plaza,Allada,,true,three,Roger Clarabut,Roger Clarabut,,2021-10-20,true,3,1
627,Cobby,Painter,Male,9767,1960-06-26,2007-03-12,cpainterhe@discovery.com,+420864015633,2 Myrtle Point,Mazra‘at Bayt Jinn,,true,two,,Cobby Painter,,2015-09-18,true,2,16
628,Georgetta,Duchan,Female,7646,1961-02-28,2016-11-28,gduchanhf@phoca.cz,+420310800038,0 Michigan Center,Lungmar,,false,none,,Georgetta Duchan,,2022-08-20,true,1,1
629,Auria,Malamore,Female,3138,1920-03-11,,amalamorehg@economist.com,+420050732071,4756 Schiller Street,Dhromolaxia,,true,three,,Auria Malamore,,2025-01-22,true,3,19
630,Lars,Thomke,Male,7017,1921-07-31,,lthomkehh@go.com,+420873582312,7 Cody Plaza,Bissorã,,true,four,Lars Thomke,Lars Thomke,,2015-07-28,true,3,21
631,Gabriela,O'Noland,Female,8579,1935-06-29,,gonolandhi@uiuc.edu,+420984673965,02640 Troy Parkway,Chita,111721,true,three,Gabriela O'Noland,Gabriela O'Noland,,2015-01-13,false,2,5
632,Gasper,Frichley,Male,1767,1934-09-30,2009-10-22,gfrichleyhj@deliciousdays.com,+420258840612,97 Nova Avenue,Palca,,false,one,,Gasper Frichley,,2020-02-02,false,4,18
633,Bari,Absolem,Female,7102,1949-11-15,,babsolemhk@tumblr.com,+420238121950,50 Maple Point,Muang Xay,,false,one,,Bari Absolem,,2020-11-27,false,1,4
634,Matelda,Hayton,Female,9076,1954-10-01,2021-04-11,mhaytonhl@about.com,+420127502028,88035 Russell Hill,Takanabe,889-1404,true,three,Matelda Hayton,Matelda Hayton,"In hac habitasse platea dictumst. Morbi vestibulum, velit id pretium iaculis, diam erat fermentum justo, nec condimentum neque sapien placerat ante. Nulla justo.

Aliquam quis turpis eget elit sodales scelerisque. Mauris sit amet eros. Suspendisse accumsan tortor quis turpis.

Sed ante. Vivamus tortor. Duis mattis egestas metus.",2020-11-20,true,3,14
635,Jerrie,Rowledge,Female,8562,1975-06-03,,jrowledgehm@oakley.com,+420683955710,602 West Circle,Kingston,9793,true,three,Jerrie Rowledge,Jerrie Rowledge,"Quisque porta volutpat erat. Quisque erat eros, viverra eget, congue eget, semper rutrum, nulla. Nunc purus.

Phasellus in felis. Donec semper sapien a libero. Nam dui.

Proin leo odio, porttitor id, consequat in, consequat ut, nulla. Sed accumsan felis. Ut at dolor quis odio consequat varius.",2022-04-27,true,2,15
636,Angel,Craigmile,Male,9732,1959-11-04,,,+420711509648,554 Thierer Way,Jianxi,,true,three,Angel Craigmile,,,2015-06-05,false,1,3
637,Cherin,Shiel,Female,2287,1965-06-16,2009-12-16,cshielho@ted.com,+420514811768,1 Waywood Plaza,Huddinge,141 05,true,none,Cherin Shiel,Cherin Shiel,,2021-07-30,true,1,18
638,Berni,Rogez,Female,7356,1932-01-05,,,+420016849465,8 Roth Center,Tilang,,true,two,Berni Rogez,Berni Rogez,"Cum sociis natoque penatibus et magnis dis parturient montes, nascetur ridiculus mus. Vivamus vestibulum sagittis sapien. Cum sociis natoque penatibus et magnis dis parturient montes, nascetur ridiculus mus.

Etiam vel augue. Vestibulum rutrum rutrum neque. Aenean auctor gravida sem.",2018-07-29,false,4,8
639,Darlene,Cotterill,Female,7760,1945-09-14,,dcotterillhq@pagesperso-orange.fr,+420237092103,543 Bonner Lane,Blessington,D12,false,one,,Darlene Cotterill,,2024-02-05,true,1,3
640,Theresa,Blais,Female,9609,1971-10-05,2008-10-03,,+420980723821,0730 Algoma Point,Nahariya,,true,two,,Theresa Blais,,2017-11-05,false,4,23
641,Melva,Buglass,Female,2387,1965-09-11,,mbuglasshs@cbc.ca,+420795917447,04 Bunting Hill,Zhamao,,true,four,Melva Buglass,Melva Buglass,"Lorem ipsum dolor sit amet, consectetuer adipiscing elit. Proin risus. Praesent lectus.",2023-01-06,false,1,13
642,Lauritz,MacShirrie,Male,1658,1960-02-19,2006-09-07,,,2 Quincy Crossing,Linköping,582 21,false,three,Lauritz MacShirrie,Lauritz MacShirrie,,2017-11-03,false,4,3
643,Martelle,Janaszkiewicz,Female,4289,1932-03-27,,mjanaszkiewiczhu@dmoz.org,+420963140832,746 Coolidge Avenue,Rybno,96-514,false,four,Martelle Janaszkiewicz,Martelle Janaszkiewicz,,2025-08-12,true,4,12
644,Kilian,Churching,Male,3536,1952-09-27,,kchurchinghv@edublogs.org,+420075876283,028 Fairfield Circle,Gafanha de Aquém,3830-017,false,two,Kilian Churching,Kilian Churching,,2015-09-30,false,3,15
645,Frasier,Guynemer,Male,2687,1961-04-11,2005-03-28,fguynemerhw@pen.io,+420553297766,95 American Point,Książ Wielkopolski,63-130,false,none,Frasier Guynemer,Frasier Guynemer,,2025-08-18,false,1,5
646,Brigitta,Daveridge,Female,5908,1924-07-03,2021-12-23,,+420511002727,9539 Delaware Plaza,Pico da Pedra,9600-052,false,four,Brigitta Daveridge,Brigitta Daveridge,"Cum sociis natoque penatibus et magnis dis parturient montes, nascetur ridiculus mus. Vivamus vestibulum sagittis sapien. Cum sociis natoque penatibus et magnis dis parturient montes, nascetur ridiculus mus.",2018-01-31,false,4,4
647,Kevin,Choppin,Male,5310,1973-01-31,,kchoppinhy@telegraph.co.uk,+420969761301,5 Carpenter Road,Kemlya,431646,true,one,Kevin Choppin,Kevin Choppin,,2015-09-01,false,2,11
648,Aloysia,Wabersinke,Female,7165,1925-03-05,2024-06-11,,+420749217396,5986 Messerschmidt Trail,Pontarlier,25304 CEDEX,true,four,Aloysia Wabersinke,Aloysia Wabersinke,,2016-11-29,false,4,13
649,Auberon,Ruberry,Male,1840,1927-08-12,,aruberryi0@amazonaws.com,+420066769579,4133 Sutteridge Crossing,Sindangsuka,,false,two,Auberon Ruberry,Auberon Ruberry,,2023-02-02,true,3,4
650,Sigvard,Gales,Male,4028,1972-11-09,2024-08-28,,+420696098636,3089 Melby Lane,Béthune,62404 CEDEX,true,four,Sigvard Gales,,,2015-10-14,false,3,24
651,Corabel,Jurkiewicz,Female,1145,1973-01-04,,cjurkiewiczi2@psu.edu,+420181200696,350 Ridge Oak Center,Janja,,true,four,Corabel Jurkiewicz,Corabel Jurkiewicz,,2019-04-21,true,1,10
652,Willetta,Wardingley,Female,7630,1965-10-27,,wwardingleyi3@themeforest.net,+420143370164,77367 Bultman Terrace,Yubileynyy,618284,true,three,,Willetta Wardingley,,2016-12-26,true,2,13
653,Dela,Rallings,Female,990,1967-08-30,,,,04756 Hermina Center,Brunflo,834 33,false,three,,Dela Rallings,Duis aliquam convallis nunc. Proin at turpis a pede posuere nonummy. Integer non velit.,2022-10-09,true,4,19
654,Marcelle,Campkin,Female,5267,1948-08-18,,mcampkini5@friendfeed.com,,3967 Bluestem Alley,Thị Trấn Triệu Sơn,,true,two,Marcelle Campkin,Marcelle Campkin,"Maecenas leo odio, condimentum id, luctus nec, molestie sed, justo. Pellentesque viverra pede ac diam. Cras pellentesque volutpat dui.

Maecenas tristique, est et tempus semper, est quam pharetra magna, ac consequat metus sapien ut nunc. Vestibulum ante ipsum primis in faucibus orci luctus et ultrices posuere cubilia Curae; Mauris viverra diam vitae quam. Suspendisse potenti.",2018-12-20,false,1,12
655,Carson,Wrefford,Male,441,1945-03-02,,,,86 Banding Park,Qingxi,,false,four,Carson Wrefford,Carson Wrefford,,2023-02-17,false,2,20
656,Damara,Zotto,Female,930,1955-08-25,,dzottoi7@google.nl,,80 Petterle Circle,Charlottenberg,673 31,true,one,Damara Zotto,,,2019-10-30,true,4,7
657,Norri,Eighteen,Female,3622,1948-05-06,,neighteeni8@pen.io,+420516438378,1 Farmco Point,Sangpi,,true,two,Norri Eighteen,Norri Eighteen,,2015-02-15,true,4,14
658,Clemence,Cleaton,Female,5484,1921-09-11,,,+420122980317,0907 Brown Plaza,Jaunpiebalga,,true,four,Clemence Cleaton,,,2021-07-03,false,3,15
659,Patton,Krysztofowicz,Male,1490,1942-02-14,,pkrysztofowiczia@mit.edu,,440 Larry Trail,Korsakovo,303580,false,three,Patton Krysztofowicz,,"Mauris enim leo, rhoncus sed, vestibulum sit amet, cursus id, turpis. Integer aliquet, massa id lobortis convallis, tortor risus dapibus augue, vel accumsan tellus nisi eu orci. Mauris lacinia sapien quis libero.",2022-05-31,false,2,2
660,Merilyn,Fransseni,Female,9722,1935-07-20,2016-10-27,mfransseniib@buzzfeed.com,,77 Hansons Crossing,Doroslovo,,false,one,,,,2020-12-04,true,4,13
661,Willy,Lindeberg,Female,7710,1963-06-03,,wlindebergic@youku.com,+420365633060,94 Barby Park,Battle Creek,49018,true,four,Willy Lindeberg,Willy Lindeberg,,2015-03-25,false,1,22
662,Maggy,Verick,Female,7822,1939-01-26,,mverickid@pbs.org,+420931150823,35 Welch Center,Sumuragung,,true,one,Maggy Verick,Maggy Verick,,2019-08-18,false,3,9
663,Bea,Kobel,Female,4502,1945-06-14,,bkobelie@oakley.com,+420974655054,5 Wayridge Drive,Jaffna,40000,true,four,,,,2015-11-22,false,4,4
664,Pam,Elphey,Female,9268,1937-02-20,,pelpheyif@icio.us,,17 Pennsylvania Park,Issenye,,true,three,Pam Elphey,Pam Elphey,,2016-11-04,true,3,19
665,Maire,Ottley,Female,5792,1961-03-18,2006-08-11,mottleyig@newyorker.com,,31 Reindahl Circle,Sabon Gari-Nangere,,true,three,Maire Ottley,Maire Ottley,,2021-10-28,true,2,19
666,Annette,McCosh,Female,3975,1956-08-28,,amccoshih@hugedomains.com,+420635964797,02 Schiller Crossing,Xinshidu,,false,one,,Annette McCosh,,2019-01-17,false,2,15
667,Dukie,Richards,Male,5331,1948-10-25,,drichardsii@sciencedirect.com,,73 Westerfield Way,Hetian,,false,three,,,,2022-11-03,false,2,16
668,Skip,Mingaud,Male,542,1954-09-10,,smingaudij@ft.com,+420586271413,325 Blackbird Park,Lelystad,8214,false,four,Skip Mingaud,,,2019-06-23,false,3,18
669,Jenine,Sebire,Female,2811,1952-01-01,,jsebireik@cbc.ca,,9 Hagan Trail,Châtillon,92324 CEDEX,true,four,Jenine Sebire,Jenine Sebire,,2017-10-23,true,4,20
670,Christiana,Calender,Female,3247,1929-03-02,2023-06-21,ccalenderil@comcast.net,+420591953222,268 Helena Hill,Aparecida,12570-000,true,none,,Christiana Calender,,2023-07-06,true,1,16
671,Basil,Pallent,Male,7782,1965-02-17,,,+420073213809,2 Delaware Street,Qianxu Zhen,,true,none,Basil Pallent,Basil Pallent,"Aenean lectus. Pellentesque eget nunc. Donec quis orci eget orci vehicula condimentum.

Curabitur in libero ut massa volutpat convallis. Morbi odio odio, elementum eu, interdum eu, tincidunt in, leo. Maecenas pulvinar lobortis est.",2015-05-29,true,3,21
672,Koressa,Salway,Female,797,1928-03-11,,ksalwayin@sitemeter.com,+420497127952,0297 Atwood Street,Middelburg,5900,false,none,Koressa Salway,Koressa Salway,"Pellentesque at nulla. Suspendisse potenti. Cras in purus eu magna vulputate luctus.

Cum sociis natoque penatibus et magnis dis parturient montes, nascetur ridiculus mus. Vivamus vestibulum sagittis sapien. Cum sociis natoque penatibus et magnis dis parturient montes, nascetur ridiculus mus.

Etiam vel augue. Vestibulum rutrum rutrum neque. Aenean auctor gravida sem.",2021-07-13,true,1,14
673,Michele,Reihill,Male,1896,1975-01-10,,mreihillio@techcrunch.com,+420627459307,270 Onsgard Road,Turpo,,true,one,,Michele Reihill,,2017-05-28,false,1,24
674,Bryana,Uphill,Female,9844,1971-11-18,2015-11-17,buphillip@plala.or.jp,+420499742696,0 Novick Road,Mabay,3311,true,none,Bryana Uphill,Bryana Uphill,"Proin leo odio, porttitor id, consequat in, consequat ut, nulla. Sed accumsan felis. Ut at dolor quis odio consequat varius.",2015-07-10,true,4,15
675,Lockwood,Danihel,Male,667,1970-09-09,,,+420211124053,99 Erie Crossing,Seboruco,,false,four,Lockwood Danihel,,,2022-02-28,false,4,11
676,Sheelagh,Paschek,Female,2862,1958-03-01,2024-05-09,spaschekir@earthlink.net,+420201597434,273 Duke Hill,Sang-e Chārak,,false,one,,Sheelagh Paschek,,2019-08-02,true,1,9
677,Ursula,Pietz,Female,883,1955-08-17,,upietzis@bizjournals.com,+420609788817,4606 Fordem Plaza,Margos,1217,true,one,Ursula Pietz,Ursula Pietz,,2018-12-14,true,4,23
678,Bob,Morter,Male,4632,1958-08-01,,bmorterit@whitehouse.gov,+420707098417,37 Farmco Street,Orissaare,,false,none,Bob Morter,Bob Morter,,2016-06-09,true,3,3
679,Todd,Treanor,Male,4003,1954-04-07,,ttreanoriu@linkedin.com,+420435778972,1 3rd Parkway,Sabóia,7665-823,true,one,,Todd Treanor,,2024-12-28,true,2,13
680,Cindelyn,McQuilty,Female,6198,1936-03-12,,cmcquiltyiv@hp.com,+420523420471,45 Eliot Place,Vicente Guerrero,92440,false,four,Cindelyn McQuilty,,"Praesent blandit. Nam nulla. Integer pede justo, lacinia eget, tincidunt eget, tempus vel, pede.

Morbi porttitor lorem id ligula. Suspendisse ornare consequat lectus. In est risus, auctor sed, tristique in, tempus sit amet, sem.",2022-08-08,true,1,10
681,Dale,Dutton,Male,3909,1921-02-09,,dduttoniw@sogou.com,+420397366876,32635 Miller Crossing,Yegor’yevsk,140306,false,four,Dale Dutton,Dale Dutton,,2017-10-28,false,4,18
682,Adrienne,Augustus,Female,7392,1960-09-20,,,+420872192671,111 Wayridge Plaza,Qiaoyi,,true,two,,Adrienne Augustus,,2017-04-08,false,1,11
683,Tim,Skullet,Female,6903,1934-09-18,2009-06-05,tskulletiy@phoca.cz,+420118020816,7 Kings Point,San Nicolas,4207,false,one,Tim Skullet,Tim Skullet,,2024-07-31,true,1,8
684,Aluin,Wolffers,Male,2608,1930-06-19,2008-12-13,awolffersiz@examiner.com,+420462958928,9926 Division Street,Putina,,false,three,Aluin Wolffers,Aluin Wolffers,,2023-04-21,true,1,21
685,Philip,Aitkenhead,Male,1084,1949-09-09,,,+420111070098,551 Maywood Trail,Poteran,,false,two,Philip Aitkenhead,Philip Aitkenhead,,2022-03-11,true,2,1
686,Shay,Kinningley,Male,7383,1956-02-20,,skinningleyj1@plala.or.jp,+420558923789,1125 Forest Dale Center,Beidaihehaibin,,true,two,,Shay Kinningley,,2023-07-29,true,4,22
687,Uriah,Langham,Male,1774,1931-10-16,,ulanghamj2@wordpress.org,+420689771715,77 Comanche Park,Gandorhun,,false,three,,Uriah Langham,,2018-12-05,true,3,9
688,Lyman,Trimmill,Male,1116,1971-03-30,,ltrimmillj3@theatlantic.com,+420334769809,66 Hooker Plaza,Luboń,62-031,false,three,Lyman Trimmill,Lyman Trimmill,,2022-05-04,true,1,17
689,Northrup,Fairrie,Male,574,1975-11-02,,nfairriej4@fda.gov,+420613981909,24649 Laurel Place,Benito Juarez,95749,false,one,,,,2015-04-06,false,2,4
690,Joseph,Oehme,Male,4791,1943-05-01,,joehmej5@mit.edu,+420927515493,7 Aberg Parkway,Dongzha,,false,one,Joseph Oehme,Joseph Oehme,,2019-03-09,false,2,20
691,Thorndike,Ravenscraft,Male,1304,1973-04-04,,travenscraftj6@fema.gov,+420238206877,52171 Loomis Avenue,Itaperuna,28300-000,false,one,,Thorndike Ravenscraft,,2021-02-08,false,3,8
692,Waldo,Findon,Male,6711,1968-12-07,,wfindonj7@altervista.org,+420763145703,127 Esch Drive,Kuishan,,false,one,,Waldo Findon,,2022-07-02,true,1,9
693,Nelson,Shugg,Male,9549,1926-01-28,,nshuggj8@wsj.com,+420137398470,04166 Dahle Hill,Bunobogu,,true,four,Nelson Shugg,Nelson Shugg,"Praesent blandit. Nam nulla. Integer pede justo, lacinia eget, tincidunt eget, tempus vel, pede.

Morbi porttitor lorem id ligula. Suspendisse ornare consequat lectus. In est risus, auctor sed, tristique in, tempus sit amet, sem.

Fusce consequat. Nulla nisl. Nunc nisl.",2020-03-27,false,4,14
694,Arthur,Pockett,Male,2799,1939-03-27,,apockettj9@forbes.com,+420965853421,9088 American Ash Circle,Ngozi,,false,none,Arthur Pockett,Arthur Pockett,,2024-05-23,false,3,23
695,Ryon,Rycraft,Male,8251,1971-06-06,,rrycraftja@state.tx.us,+420830768248,674 Maryland Street,Obonoma,,true,four,Ryon Rycraft,Ryon Rycraft,,2018-08-28,false,3,16
696,Phyllis,Trollope,Female,2239,1922-12-31,,ptrollopejb@squarespace.com,,5456 Moulton Street,Kuafeu,,false,one,Phyllis Trollope,Phyllis Trollope,,2015-06-09,false,3,14
697,Rozele,O'Mohun,Female,545,1921-11-09,,,+420215362125,67837 Veith Parkway,Sunjia,,true,none,Rozele O'Mohun,Rozele O'Mohun,,2021-05-02,true,4,21
698,Nickola,Teaz,Male,7369,1929-08-19,,nteazjd@ask.com,,83316 Saint Paul Hill,Miranda,191529,false,four,Nickola Teaz,Nickola Teaz,,2025-06-21,false,1,10
699,Ericha,Linder,Female,7596,1943-03-05,,,+420343495926,8742 Vermont Road,Butembo,,true,four,,Ericha Linder,,2017-01-25,true,4,15
700,Joli,Treneer,Female,4895,1950-01-05,,,+420866520538,67099 Ridgeway Crossing,Oum Hadjer,,false,two,Joli Treneer,Joli Treneer,,2023-05-02,false,4,10
701,Fin,Yurkov,Male,3528,1954-09-02,,fyurkovjg@pen.io,+420107779950,1450 Schiller Plaza,Bessonovka,442780,false,none,Fin Yurkov,Fin Yurkov,,2018-12-08,false,1,19
702,Margeaux,O'Quin,Female,1092,1926-08-17,,moquinjh@ucoz.ru,+420625250545,5 Mendota Drive,Saskylakh,187542,false,three,Margeaux O'Quin,Margeaux O'Quin,,2021-04-27,true,2,8
703,Rollin,Josovich,Male,5135,1931-01-11,,,+420521242236,79340 Reindahl Court,Hrastnik,1430,false,four,Rollin Josovich,Rollin Josovich,,2025-03-22,false,3,21
704,Barde,Guinery,Male,4753,1969-07-09,,,+420825217729,94357 Shasta Hill,Huế,,true,three,Barde Guinery,Barde Guinery,,2017-08-26,false,3,8
705,Ram,Anmore,Male,3880,1942-03-06,,ranmorejk@smugmug.com,+420750838867,6629 Shoshone Street,Taling,,false,four,Ram Anmore,Ram Anmore,,2017-01-19,false,4,16
706,Gwynne,Haskey,Female,8741,1934-12-01,2019-07-09,ghaskeyjl@unc.edu,,2 Miller Road,Zapod,,true,four,Gwynne Haskey,Gwynne Haskey,,2015-11-27,true,1,3
707,Dorie,Bisp,Female,9573,1925-07-27,,dbispjm@who.int,+420487113352,974 Iowa Pass,Hanting,,false,three,Dorie Bisp,Dorie Bisp,,2019-12-03,false,4,9
708,Yvette,Carnock,Female,9364,1954-05-29,2021-05-21,ycarnockjn@soundcloud.com,,57 Jay Road,Al Bāriqīyah,,false,three,Yvette Carnock,Yvette Carnock,,2018-07-23,true,1,23
709,Almeda,Leades,Female,5366,1974-01-14,,aleadesjo@twitter.com,,5 American Ash Junction,Bogra,4520,true,none,Almeda Leades,,Fusce consequat. Nulla nisl. Nunc nisl.,2024-04-29,false,4,10
710,Hatti,Doornbos,Female,6729,1975-06-21,,hdoornbosjp@cornell.edu,+420698682324,4410 Northland Place,Iwanai,511-0514,false,none,Hatti Doornbos,Hatti Doornbos,,2019-03-02,false,2,14
711,Franciskus,Stoddard,Male,9252,1941-02-13,,fstoddardjq@cyberchimps.com,+420093494334,0511 Bashford Crossing,Arboga,732 96,true,three,,Franciskus Stoddard,,2023-11-12,false,4,16
712,Daniella,Theriot,Female,6770,1971-03-15,,dtheriotjr@yahoo.com,+420270996849,54 Lighthouse Bay Court,Ponggok,,true,one,,Daniella Theriot,,2025-01-24,false,1,11
713,Toby,Housecraft,Male,9081,1922-10-11,,thousecraftjs@jalbum.net,+420382059409,61 Fuller Plaza,Tánh Linh,,true,two,,Toby Housecraft,,2017-06-23,false,3,12
714,Keenan,Dengate,Male,928,1945-09-27,,,+420477989182,4764 Carpenter Crossing,Porsgrunn,3912,true,four,Keenan Dengate,Keenan Dengate,,2019-02-16,true,1,13
715,Reinwald,Swatheridge,Male,7781,1949-09-06,,rswatheridgeju@last.fm,+420711924781,6 Forest Dale Plaza,Lashio,,true,one,Reinwald Swatheridge,Reinwald Swatheridge,,2025-05-27,false,4,2
716,Alica,Klasen,Female,9910,1920-12-23,,aklasenjv@hugedomains.com,+420728264294,306 Saint Paul Drive,København,1370,true,four,Alica Klasen,Alica Klasen,,2017-02-11,false,3,16
717,Maximilianus,Davidek,Male,5701,1948-01-06,,mdavidekjw@exblog.jp,+420441355704,76029 Autumn Leaf Terrace,Bene 'Ayish,,false,four,Maximilianus Davidek,Maximilianus Davidek,,2024-07-09,true,4,15
718,Calli,Hinks,Female,1395,1960-01-07,2021-09-02,,,8666 Truax Trail,Jevíčko,569 43,true,one,,Calli Hinks,"Proin interdum mauris non ligula pellentesque ultrices. Phasellus id sapien in sapien iaculis congue. Vivamus metus arcu, adipiscing molestie, hendrerit at, vulputate vitae, nisl.",2017-07-21,true,3,9
719,Skylar,Elphick,Male,8077,1922-08-06,,selphickjy@vkontakte.ru,+420808750801,41 Shopko Avenue,Boucinha,4950-122,true,four,Skylar Elphick,Skylar Elphick,,2024-08-13,true,2,15
720,Emmery,Colum,Male,8591,1920-09-05,,ecolumjz@parallels.com,+420780475016,08483 Old Gate Lane,Xindeng,,true,two,Emmery Colum,,Suspendisse potenti. In eleifend quam a odio. In hac habitasse platea dictumst.,2024-11-03,false,1,9
721,Imogen,Torregiani,Female,8042,1920-05-22,2020-07-30,,+420794793130,0024 Jay Pass,Wartburg,3234,true,two,,Imogen Torregiani,,2022-07-09,true,3,13
722,Marti,Goodlud,Female,9871,1955-08-23,,mgoodludk1@bigcartel.com,+420094409310,7 Shoshone Crossing,Weifang,,false,two,Marti Goodlud,Marti Goodlud,,2020-04-18,false,4,22
723,Judah,Dufaire,Male,18,1931-12-07,2013-03-23,,+420316858913,1952 Sundown Park,Shaxi,,false,two,Judah Dufaire,Judah Dufaire,,2022-03-23,false,4,18
724,Malva,Randleson,Female,2927,1954-03-06,2015-01-04,mrandlesonk3@economist.com,+420878088085,13189 Manley Avenue,Casimiro de Abreu,28860-000,true,one,Malva Randleson,Malva Randleson,,2021-12-23,true,3,6
725,Caitlin,Touzey,Female,7603,1922-07-17,,ctouzeyk4@forbes.com,+420706686659,8 Shasta Hill,Batawa,,true,none,Caitlin Touzey,Caitlin Touzey,,2016-09-02,true,1,11
726,Natalina,McBeith,Female,4048,1945-08-19,2005-02-08,nmcbeithk5@ezinearticles.com,+420059219823,0 Oriole Way,Morelos,54455,true,two,Natalina McBeith,Natalina McBeith,,2023-10-16,true,3,3
727,Novelia,Laffling,Female,5341,1958-03-10,,nlafflingk6@bravesites.com,+420783918908,41250 Dennis Place,Wanjia,,false,four,,Novelia Laffling,,2024-03-24,true,1,8
728,Rutger,Goldup,Male,3196,1958-05-16,,rgoldupk7@tinypic.com,+420480336567,17866 Springs Circle,Kukuna,,true,none,Rutger Goldup,Rutger Goldup,,2015-07-09,false,1,20
729,Micheil,Simeoli,Male,1045,1962-12-22,2016-05-21,,+420442578024,4727 Twin Pines Junction,Santa Ana,,true,four,,Micheil Simeoli,,2021-08-09,false,3,11
730,Anderson,Neads,Male,5334,1961-11-03,2010-04-24,,+420325081054,14 Bayside Plaza,Garça,17400-000,true,none,Anderson Neads,,,2023-04-24,false,4,14
731,Giorgi,Cready,Male,6536,1951-09-15,2022-09-27,gcreadyka@washington.edu,+420547924477,7440 Mccormick Circle,Cotuí,10516,false,none,Giorgi Cready,Giorgi Cready,"Integer ac leo. Pellentesque ultrices mattis odio. Donec vitae nisi.

Nam ultrices, libero non mattis pulvinar, nulla pede ullamcorper augue, a suscipit nulla elit ac nulla. Sed vel enim sit amet nunc viverra dapibus. Nulla suscipit ligula in lacus.",2025-09-18,true,1,4
732,Richard,Wones,Male,5225,1932-05-01,,,,15351 Lunder Terrace,Troyes,10606 CEDEX,false,one,,Richard Wones,Nullam sit amet turpis elementum ligula vehicula consequat. Morbi a ipsum. Integer a nibh.,2023-02-08,true,3,22
733,Zerk,Kermitt,Male,6724,1948-05-05,2007-12-28,zkermittkc@naver.com,+420278190791,46091 Sachtjen Junction,Farnham,J2N,false,three,,Zerk Kermitt,,2024-11-27,false,3,14
734,Savina,Charke,Female,7998,1969-11-02,,scharkekd@rambler.ru,,3274 Longview Junction,Ţayyibat al Imām,,false,four,,Savina Charke,,2015-11-30,true,2,3
735,Court,Duerden,Male,5183,1946-05-23,,,+420937115048,989 Hagan Drive,Črenšovci,9232,false,none,Court Duerden,Court Duerden,,2019-10-19,true,1,23
736,Illa,Vowden,Female,8896,1939-11-03,2007-10-13,ivowdenkf@squarespace.com,+420457408323,74 Barby Lane,Promissão,16370-000,true,three,Illa Vowden,Illa Vowden,,2017-12-28,true,1,13
737,Nikoletta,Rockingham,Female,2364,1963-02-08,,,+420231844414,9 Canary Plaza,Huating,,false,two,Nikoletta Rockingham,Nikoletta Rockingham,,2019-10-26,false,4,18
738,Helyn,Ferrarese,Female,1000,1946-03-03,2020-08-23,hferraresekh@fotki.com,,5 Forest Dale Parkway,Sendangrejo,,true,three,Helyn Ferrarese,,,2021-11-13,false,1,12
739,Jonell,Snufflebottom,Female,7231,1932-01-21,,jsnufflebottomki@eepurl.com,+420549805526,2132 Moland Way,Zhangjiayuan,,true,four,,Jonell Snufflebottom,,2021-07-15,false,1,6
740,Rowan,Meus,Male,302,1966-08-19,2008-08-01,rmeuskj@techcrunch.com,,87979 Randy Plaza,Mongu,,false,two,Rowan Meus,Rowan Meus,,2015-01-13,true,3,10
741,Kin,Grinsted,Male,1935,1926-04-14,,kgrinstedkk@reddit.com,,02380 Calypso Park,Chuquitira,,false,three,Kin Grinsted,Kin Grinsted,,2018-08-19,false,2,15
742,Georgina,Tunnicliffe,Female,9214,1959-05-19,,gtunnicliffekl@linkedin.com,+420473817736,19 Hazelcrest Pass,Seixo de Manhoses,5360-185,false,one,Georgina Tunnicliffe,,,2022-10-30,true,1,6
743,Ardis,Milam,Female,94,1955-02-09,,,+420311141019,1 Lindbergh Drive,Buy,157008,false,none,,,,2025-10-08,true,1,10
744,Ancell,Swatradge,Male,7861,1939-02-17,2023-03-27,aswatradgekn@cloudflare.com,+420541228322,368 Independence Circle,Covão,3230-228,true,four,Ancell Swatradge,Ancell Swatradge,,2019-11-24,true,1,21
745,Lillis,Dietmar,Female,7606,1940-05-03,,ldietmarko@symantec.com,+420726438681,04297 Farmco Lane,Khovd,,true,three,,Lillis Dietmar,,2023-06-18,false,1,17
746,Taryn,Adess,Female,9511,1926-12-21,,,+420060975706,2095 Bay Crossing,Lom Sak,67110,true,one,,Taryn Adess,,2021-05-13,false,2,6
747,Fredra,Moohan,Female,4807,1922-12-22,,fmoohankq@fc2.com,+420059772417,0888 Upham Road,Carig,3503,true,none,,Fredra Moohan,,2015-11-27,false,1,9
748,Cyrille,Breed,Male,3935,1966-10-17,2014-10-03,cbreedkr@cpanel.net,,86 Huxley Terrace,Colima,11305,false,one,Cyrille Breed,Cyrille Breed,,2018-12-25,false,4,4
749,Waldon,Farlambe,Male,4081,1947-11-26,2006-07-07,,+420464853936,329 Melody Drive,Porta,4940-352,false,none,Waldon Farlambe,Waldon Farlambe,,2016-01-19,false,1,13
750,Loraine,Stranger,Female,4998,1943-08-17,,,,94877 Fieldstone Center,El Aïoun,,false,three,Loraine Stranger,Loraine Stranger,,2017-04-24,true,4,1
751,Rosalynd,Jeynes,Female,716,1940-01-30,,rjeynesku@youtu.be,+420339982459,43 Portage Street,Laoshawan,,true,two,Rosalynd Jeynes,Rosalynd Jeynes,,2023-03-13,true,3,19
752,Derrik,Fernant,Male,9287,1946-02-01,2018-06-10,dfernantkv@hp.com,+420969047899,73 Becker Junction,Mulhouse,68947 CEDEX 9,false,two,,,,2023-12-06,false,3,3
753,Brian,Sarginson,Male,7873,1968-03-03,,bsarginsonkw@hao123.com,+420684112716,2783 Fulton Hill,Pulangbato,6711,true,two,Brian Sarginson,Brian Sarginson,,2024-04-09,true,3,20
754,Marmaduke,Torrent,Male,1876,1953-09-13,2012-12-16,mtorrentkx@chronoengine.com,+420812419689,72318 Bartillon Hill,Ilovlya,403070,true,two,Marmaduke Torrent,Marmaduke Torrent,,2024-06-30,false,1,12
755,Tobiah,Tabram,Male,9429,1944-05-01,2010-05-07,,+420068145666,8755 Sachs Road,Yelan’-Kolenovskiy,152720,false,two,Tobiah Tabram,,"Maecenas ut massa quis augue luctus tincidunt. Nulla mollis molestie lorem. Quisque ut erat.

Curabitur gravida nisi at nibh. In hac habitasse platea dictumst. Aliquam augue quam, sollicitudin vitae, consectetuer eget, rutrum at, lorem.

Integer tincidunt ante vel ipsum. Praesent blandit lacinia erat. Vestibulum sed magna at nunc commodo placerat.",2017-05-06,false,2,6
756,Gwenore,Skule,Female,8168,1967-06-07,,gskulekz@mayoclinic.com,+420108387602,11 2nd Road,Cuyotenango,10002,false,four,Gwenore Skule,Gwenore Skule,"Proin interdum mauris non ligula pellentesque ultrices. Phasellus id sapien in sapien iaculis congue. Vivamus metus arcu, adipiscing molestie, hendrerit at, vulputate vitae, nisl.",2015-04-15,true,2,19
757,Jaynell,Giacomucci,Female,7370,1939-04-12,,jgiacomuccil0@yellowbook.com,+420484950041,9017 Autumn Leaf Park,Clodomira,4338,true,one,Jaynell Giacomucci,Jaynell Giacomucci,,2021-06-09,false,2,20
758,Jeffy,Marcus,Male,4423,1954-01-12,,,+420246294790,5 Farragut Lane,Slovenske Konjice,3210,true,three,Jeffy Marcus,,,2018-11-25,false,3,19
759,Maren,Dering,Female,4551,1950-12-10,,mderingl2@blogtalkradio.com,,62 Kensington Crossing,Chepes,5470,true,three,Maren Dering,Maren Dering,,2024-02-16,true,1,2
760,Derby,Gascoyne,Male,8713,1940-11-02,,dgascoynel3@engadget.com,+420016839990,5 Bluejay Road,Lido,,true,two,Derby Gascoyne,Derby Gascoyne,,2016-03-07,true,3,19
761,Walt,Curtoys,Male,2070,1939-11-11,,wcurtoysl4@theatlantic.com,,995 Blackbird Trail,20 de Noviembre,30478,false,none,Walt Curtoys,Walt Curtoys,,2024-03-19,false,4,14
762,Shani,Killgus,Female,9296,1972-01-22,,skillgusl5@ustream.tv,+420196211265,17135 Alpine Way,Seattle,98140,true,one,Shani Killgus,Shani Killgus,,2021-10-05,true,4,6
763,Veronike,Monget,Female,7153,1941-01-14,,vmongetl6@yellowbook.com,,2086 Carioca Parkway,Jistebnice,391 33,false,one,,Veronike Monget,,2024-06-17,true,2,4
764,Millie,Canadas,Female,6161,1948-03-25,2020-02-20,mcanadasl7@vimeo.com,,2822 Roxbury Parkway,Nyala,,false,one,Millie Canadas,Millie Canadas,"Phasellus in felis. Donec semper sapien a libero. Nam dui.

Proin leo odio, porttitor id, consequat in, consequat ut, nulla. Sed accumsan felis. Ut at dolor quis odio consequat varius.

Integer ac leo. Pellentesque ultrices mattis odio. Donec vitae nisi.",2022-01-01,false,4,17
765,Vladamir,Lusgdin,Male,1689,1970-07-11,,vlusgdinl8@gmpg.org,,8 Mitchell Road,Beisijiazi,,false,four,Vladamir Lusgdin,Vladamir Lusgdin,,2021-10-01,false,1,24
766,Gunther,McNeely,Male,2553,1970-04-01,,,,6 Canary Place,Nerokoúros,,true,three,Gunther McNeely,,"Morbi non lectus. Aliquam sit amet diam in magna bibendum imperdiet. Nullam orci pede, venenatis non, sodales sed, tincidunt eu, felis.

Fusce posuere felis sed lacus. Morbi sem mauris, laoreet ut, rhoncus aliquet, pulvinar sed, nisl. Nunc rhoncus dui vel sem.

Sed sagittis. Nam congue, risus semper porta volutpat, quam pede lobortis ligula, sit amet eleifend pede libero quis orci. Nullam molestie nibh in lectus.",2023-06-11,true,4,2
767,Innis,Rate,Male,2173,1923-02-20,,iratela@blogs.com,+420297852482,28484 Northfield Terrace,Pacucha,,false,none,Innis Rate,Innis Rate,,2015-02-05,true,2,4
768,Kimball,Halmkin,Male,8193,1975-02-28,2017-02-27,khalmkinlb@delicious.com,+420245460602,666 Coleman Park,Rungis,94593 CEDEX 2,false,one,,Kimball Halmkin,,2022-12-29,true,2,21
769,Valerie,Smoth,Female,148,1948-06-15,,vsmothlc@histats.com,+420633203456,22329 Acker Avenue,Tsaratanana,,true,one,Valerie Smoth,Valerie Smoth,"Integer tincidunt ante vel ipsum. Praesent blandit lacinia erat. Vestibulum sed magna at nunc commodo placerat.

Praesent blandit. Nam nulla. Integer pede justo, lacinia eget, tincidunt eget, tempus vel, pede.

Morbi porttitor lorem id ligula. Suspendisse ornare consequat lectus. In est risus, auctor sed, tristique in, tempus sit amet, sem.",2019-07-08,false,1,6
770,Elisabetta,Boadby,Female,5332,1920-12-27,,eboadbyld@redcross.org,+420883600425,6 Hintze Way,Denver,80262,false,one,,Elisabetta Boadby,,2025-08-18,true,2,9
771,Fancie,McCosh,Female,3928,1959-10-15,,fmccoshle@umich.edu,+420093749636,304 Waxwing Alley,Roanne,42335 CEDEX,false,none,,Fancie McCosh,,2019-04-24,false,1,19
772,Tamma,Ernshaw,Female,3244,1947-04-05,2020-02-04,ternshawlf@seesaa.net,+420651855961,75 Pond Junction,Kuala Lumpur,50592,false,four,Tamma Ernshaw,Tamma Ernshaw,,2021-10-01,false,2,19
773,Genevieve,Showers,Female,1758,1971-07-10,,,+420248710598,910 Barby Road,Palma De Mallorca,07121,false,three,Genevieve Showers,Genevieve Showers,,2023-07-06,true,1,6
774,Phaedra,Fryatt,Female,2528,1937-02-28,,pfryattlh@scribd.com,+420766035065,9 Warbler Way,Tissa,,false,four,Phaedra Fryatt,Phaedra Fryatt,,2022-03-15,false,2,8
775,Arlana,Mell,Female,5379,1925-06-04,,amellli@ustream.tv,+420808053076,58 Maple Wood Pass,Ziyang,,true,two,Arlana Mell,Arlana Mell,,2023-06-29,false,1,4
776,Maggie,Manach,Female,1361,1936-09-28,2005-08-16,mmanachlj@webnode.com,+420462740041,026 Banding Terrace,Nesterovskaya,386250,false,three,Maggie Manach,Maggie Manach,,2017-07-09,true,4,17
777,Vale,Cayford,Male,9400,1922-02-24,,vcayfordlk@berkeley.edu,+420824627482,29219 Jana Point,Cimenga,,true,two,,,,2020-08-05,true,2,21
778,Worthy,Troucher,Male,787,1950-12-02,,wtroucherll@1688.com,+420779305304,92 Esker Parkway,Ma‘dān,,false,two,Worthy Troucher,Worthy Troucher,"Nullam porttitor lacus at turpis. Donec posuere metus vitae ipsum. Aliquam non mauris.

Morbi non lectus. Aliquam sit amet diam in magna bibendum imperdiet. Nullam orci pede, venenatis non, sodales sed, tincidunt eu, felis.",2021-02-17,true,3,21
779,Paquito,Hartly,Male,6702,1938-03-06,2016-05-13,phartlylm@typepad.com,+420506390218,19854 Stephen Court,Listvyanka,665670,false,three,Paquito Hartly,Paquito Hartly,,2017-04-30,false,1,8
780,Carson,Wartonby,Male,725,1968-05-14,,cwartonbyln@friendfeed.com,+420105811010,23 Hermina Court,Pantian,,true,two,,Carson Wartonby,,2021-07-03,false,4,8
781,Alfonso,Luebbert,Male,4341,1974-11-20,,aluebbertlo@constantcontact.com,+420653581623,63078 Village Green Avenue,Yanglang,,false,one,,,,2023-08-26,false,2,24
782,Leo,Thorogood,Male,5624,1964-11-18,2021-03-03,lthorogoodlp@amazon.de,+420047910736,6593 Dapin Alley,Chełmża,87-140,true,two,Leo Thorogood,,,2019-05-30,false,2,9
783,Jerri,Boatwright,Male,4094,1951-04-26,,,+420760799136,38 Manufacturers Lane,Huandiqiao,,true,three,Jerri Boatwright,,,2022-09-27,false,2,20
784,Dita,Agnolo,Female,1967,1943-05-23,,,,2439 Warrior Road,Pingshan,,false,three,Dita Agnolo,Dita Agnolo,,2025-03-20,false,1,6
785,Everard,Swansborough,Male,3495,1929-08-04,,eswansboroughls@reuters.com,+420864620693,86 Little Fleur Hill,Toshkivka,,false,none,Everard Swansborough,Everard Swansborough,,2022-06-24,true,1,19
786,Caron,Targe,Female,6182,1929-07-30,,ctargelt@constantcontact.com,,7186 Vermont Junction,Macatuba,17290-000,false,three,,Caron Targe,,2025-05-14,true,4,18
787,Michele,Englishby,Male,9543,1931-07-21,,menglishbylu@ameblo.jp,,7 Carpenter Plaza,Novospasskoye,607914,false,four,Michele Englishby,Michele Englishby,,2015-06-11,false,2,7
788,Delaney,Vedeshkin,Male,8646,1967-01-24,,,+420557046977,11 Summerview Way,Pereiros,3040-723,true,four,Delaney Vedeshkin,Delaney Vedeshkin,"Aliquam quis turpis eget elit sodales scelerisque. Mauris sit amet eros. Suspendisse accumsan tortor quis turpis.

Sed ante. Vivamus tortor. Duis mattis egestas metus.

Aenean fermentum. Donec ut mauris eget massa tempor convallis. Nulla neque libero, convallis eget, eleifend luctus, ultricies eu, nibh.",2022-04-30,false,4,19
789,Cirillo,Gulc,Male,7647,1969-08-23,,cgulclw@sphinn.com,+420806610889,294 Union Alley,Tekeli,,true,two,,Cirillo Gulc,,2023-02-17,true,3,2
790,Magdalene,Maps,Female,6137,1943-02-02,,mmapslx@netscape.com,+420643568858,32190 Declaration Terrace,Siem Reap,,true,two,Magdalene Maps,Magdalene Maps,,2018-06-13,false,2,6
791,Norah,Mullaly,Female,6615,1925-05-01,,nmullalyly@google.pl,,03 Swallow Lane,Zhangbang,,true,none,Norah Mullaly,Norah Mullaly,,2020-07-03,true,2,6
792,Alisha,Say,Female,2206,1961-07-06,2008-01-14,asaylz@g.co,+420406989745,987 Loomis Junction,San Nicolás,,true,three,Alisha Say,Alisha Say,,2020-01-30,false,2,3
793,Balduin,Stanaway,Male,5139,1972-11-24,2009-05-04,bstanawaym0@bigcartel.com,+420408613975,1 Truax Junction,Montauban,82004 CEDEX,false,one,,Balduin Stanaway,"Cum sociis natoque penatibus et magnis dis parturient montes, nascetur ridiculus mus. Vivamus vestibulum sagittis sapien. Cum sociis natoque penatibus et magnis dis parturient montes, nascetur ridiculus mus.",2019-10-15,false,1,4
794,Prissie,Darbyshire,Female,4790,1935-11-15,,pdarbyshirem1@adobe.com,+420954566211,54054 Sutherland Way,Vilhelmina,912 99,true,three,Prissie Darbyshire,Prissie Darbyshire,,2020-11-11,true,2,3
795,Bebe,Bowcock,Female,5945,1924-05-27,,,+420748697770,8671 Rigney Pass,Huachos,,false,one,Bebe Bowcock,Bebe Bowcock,,2023-07-28,true,4,1
796,Owen,Risely,Male,8526,1958-09-18,,oriselym3@multiply.com,+420989856029,2 Laurel Hill,Jiuhua,,true,three,,Owen Risely,"Cum sociis natoque penatibus et magnis dis parturient montes, nascetur ridiculus mus. Vivamus vestibulum sagittis sapien. Cum sociis natoque penatibus et magnis dis parturient montes, nascetur ridiculus mus.

Etiam vel augue. Vestibulum rutrum rutrum neque. Aenean auctor gravida sem.",2018-10-27,true,1,5
797,Kaylyn,Greenwood,Female,8529,1950-07-13,,kgreenwoodm4@va.gov,+420373205130,75 Fairview Hill,Centre de Flacq,,false,none,,Kaylyn Greenwood,"Maecenas tristique, est et tempus semper, est quam pharetra magna, ac consequat metus sapien ut nunc. Vestibulum ante ipsum primis in faucibus orci luctus et ultrices posuere cubilia Curae; Mauris viverra diam vitae quam. Suspendisse potenti.

Nullam porttitor lacus at turpis. Donec posuere metus vitae ipsum. Aliquam non mauris.",2017-11-21,false,3,2
798,Xerxes,Frome,Male,5628,1967-07-27,,xfromem5@free.fr,+420157082721,7113 Doe Crossing Trail,Oumé,,false,four,,Xerxes Frome,"Morbi non lectus. Aliquam sit amet diam in magna bibendum imperdiet. Nullam orci pede, venenatis non, sodales sed, tincidunt eu, felis.",2017-09-24,true,4,5
799,Mickie,Barreau,Male,7039,1949-06-11,,mbarreaum6@slideshare.net,+420672660235,0 Dapin Trail,Miami Beach,33141,true,four,Mickie Barreau,Mickie Barreau,"Aenean lectus. Pellentesque eget nunc. Donec quis orci eget orci vehicula condimentum.

Curabitur in libero ut massa volutpat convallis. Morbi odio odio, elementum eu, interdum eu, tincidunt in, leo. Maecenas pulvinar lobortis est.

Phasellus sit amet erat. Nulla tempus. Vivamus in felis eu sapien cursus vestibulum.",2019-11-06,false,4,22
800,Vikky,Domleo,Female,1007,1966-10-30,2013-04-20,,+420758571188,04 Lighthouse Bay Road,Libei,,false,two,Vikky Domleo,Vikky Domleo,"Aenean lectus. Pellentesque eget nunc. Donec quis orci eget orci vehicula condimentum.

Curabitur in libero ut massa volutpat convallis. Morbi odio odio, elementum eu, interdum eu, tincidunt in, leo. Maecenas pulvinar lobortis est.",2016-04-03,false,1,7
801,Teodorico,Aslett,Male,8112,1956-01-17,2023-11-09,taslettm8@home.pl,+420981176883,0885 Eagle Crest Drive,Shenji,,true,four,,Teodorico Aslett,,2020-06-07,false,4,4
802,Rem,Haddacks,Male,1535,1927-06-20,,,+420654848299,7 Heffernan Park,Lityn,,true,four,Rem Haddacks,,,2019-03-18,false,4,11
803,Ethel,Cordoba,Female,3987,1957-05-12,,ecordobama@ox.ac.uk,+420245903548,25598 Barnett Plaza,Jianxi,,false,three,Ethel Cordoba,Ethel Cordoba,,2019-08-18,false,1,5
804,Kahaleel,Astlett,Male,6336,1929-03-27,,kastlettmb@who.int,+420752239582,36 Tennessee Court,Arlöv,232 24,true,four,Kahaleel Astlett,Kahaleel Astlett,,2022-11-11,true,4,17
805,Alan,Spleving,Male,6874,1966-10-23,,asplevingmc@apple.com,+420925049461,67039 Elgar Center,Yangiobod,,false,one,,Alan Spleving,,2018-12-16,true,4,24
806,Bethanne,Kinig,Female,7452,1962-04-11,,bkinigmd@plala.or.jp,+420833244198,949 Chive Pass,Barcarena,68445-000,true,two,,Bethanne Kinig,"Aenean fermentum. Donec ut mauris eget massa tempor convallis. Nulla neque libero, convallis eget, eleifend luctus, ultricies eu, nibh.",2021-05-26,false,2,1
807,Benji,Jerman,Male,7155,1966-02-01,,,+420401356669,19 Graceland Court,Vyshneve,,true,three,,Benji Jerman,,2022-10-21,false,3,10
808,Irena,Dannehl,Female,6806,1936-10-11,2019-06-05,idannehlmf@hubpages.com,,4 Pawling Parkway,Vejprnice,330 27,false,none,Irena Dannehl,Irena Dannehl,,2020-09-29,false,3,1
809,Sam,Beyn,Male,7508,1929-04-12,,sbeynmg@unesco.org,+420997621384,400 Gale Circle,Ras al-Khaimah,,false,one,Sam Beyn,Sam Beyn,,2019-11-19,false,1,13
810,Gwenora,Corzon,Female,9509,1970-06-15,,gcorzonmh@unicef.org,+420477348818,74 Blaine Center,Tall Abyaḑ,,false,none,Gwenora Corzon,Gwenora Corzon,,2019-11-19,true,1,8
811,Brinna,Huburn,Female,2028,1959-12-21,,bhuburnmi@wix.com,+420067361533,925 6th Center,Nal’chik,361424,false,four,Brinna Huburn,Brinna Huburn,,2023-01-03,true,3,12
812,Enriqueta,Jersch,Female,5867,1930-05-25,,,+420753563887,07732 Pawling Trail,Shiye,,true,none,,Enriqueta Jersch,"Pellentesque at nulla. Suspendisse potenti. Cras in purus eu magna vulputate luctus.

Cum sociis natoque penatibus et magnis dis parturient montes, nascetur ridiculus mus. Vivamus vestibulum sagittis sapien. Cum sociis natoque penatibus et magnis dis parturient montes, nascetur ridiculus mus.

Etiam vel augue. Vestibulum rutrum rutrum neque. Aenean auctor gravida sem.",2025-09-24,false,3,2
813,Emma,Pyrah,Female,7060,1958-04-24,,epyrahmk@blog.com,+420824235367,955 Green Ridge Hill,Alcanena,2380-015,true,four,Emma Pyrah,Emma Pyrah,,2015-04-13,false,1,21
814,Waylan,McCudden,Male,7588,1955-03-09,2015-01-13,wmccuddenml@forbes.com,+420931441434,2 Service Alley,Staroshcherbinovskaya,353624,false,two,Waylan McCudden,Waylan McCudden,,2018-12-29,true,2,16
815,Otha,Haughian,Female,4505,1938-09-18,,ohaughianmm@theglobeandmail.com,+420599685586,901 Lindbergh Pass,Bulungu,,false,four,Otha Haughian,Otha Haughian,,2025-09-29,true,4,17
816,Yorgo,Dupree,Male,3996,1929-09-14,2015-06-03,ydupreemn@biglobe.ne.jp,+420102367059,24210 Anzinger Place,Lewotola,,true,four,Yorgo Dupree,Yorgo Dupree,"Cum sociis natoque penatibus et magnis dis parturient montes, nascetur ridiculus mus. Vivamus vestibulum sagittis sapien. Cum sociis natoque penatibus et magnis dis parturient montes, nascetur ridiculus mus.

Etiam vel augue. Vestibulum rutrum rutrum neque. Aenean auctor gravida sem.

Praesent id massa id nisl venenatis lacinia. Aenean sit amet justo. Morbi ut odio.",2023-04-18,true,1,6
817,Eveleen,Gookey,Female,3843,1963-06-30,,,+420070409214,63979 Roth Park,Mutang,,false,none,Eveleen Gookey,Eveleen Gookey,,2018-02-27,false,1,18
818,Andie,Capper,Female,1186,1972-01-11,,acappermp@mysql.com,+420202637878,6 Maple Wood Lane,Lajedo,55385-000,false,four,Andie Capper,,,2025-03-08,false,1,17
819,Laetitia,Ottey,Female,2078,1947-11-21,2015-02-19,lotteymq@spotify.com,,8256 Mccormick Plaza,Hangwula,,true,two,Laetitia Ottey,,,2015-09-06,false,1,21
820,Viole,Clymer,Female,5394,1950-01-07,,vclymermr@sciencedaily.com,+420746132544,6146 Sutteridge Center,Velykyi Bereznyi,,false,three,Viole Clymer,Viole Clymer,Duis bibendum. Morbi non quam nec dui luctus rutrum. Nulla tellus.,2015-04-09,false,1,22
821,Ade,Dymoke,Male,9608,1935-10-17,2024-08-19,,,51 Darwin Alley,Baler Baleagung,,false,two,,Ade Dymoke,,2024-05-14,true,4,21
822,Benton,Stollmeier,Male,1715,1931-11-14,2011-04-04,bstollmeiermt@dailymotion.com,+420282946620,9412 Chinook Park,Shoushan,,false,four,Benton Stollmeier,Benton Stollmeier,,2018-01-30,false,3,21
823,Gerri,Cordie,Female,2106,1960-10-07,2015-04-26,,+420296553420,38 Maryland Parkway,Coronel Belisle,8364,true,three,Gerri Cordie,Gerri Cordie,,2017-05-20,false,4,1
824,Leonanie,Castagnier,Female,8383,1970-07-17,,lcastagniermv@harvard.edu,,4386 Mayfield Plaza,Ekpoma,,false,four,,Leonanie Castagnier,Cras non velit nec nisi vulputate nonummy. Maecenas tincidunt lacus at velit. Vivamus vel nulla eget eros elementum pellentesque.,2019-02-17,false,3,13
825,Taite,Bramer,Male,4856,1930-06-19,,tbramermw@vinaora.com,+420624692331,577 Nevada Plaza,Mosteiro,4980-125,false,none,Taite Bramer,Taite Bramer,,2019-01-03,true,2,9
826,Chiquita,Gorbell,Female,8562,1922-01-14,,cgorbellmx@xinhuanet.com,+420416832570,8 Dwight Point,Ash Shaḩānīyah,,false,four,,Chiquita Gorbell,,2016-07-08,true,3,1
827,Leticia,McKernon,Female,5546,1955-02-27,2023-03-04,lmckernonmy@weather.com,+420899241814,24 Pearson Terrace,Tacheng,,true,two,Leticia McKernon,,,2021-10-04,false,2,19
828,Marsha,McPherson,Female,9765,1948-04-07,2023-07-15,mmcphersonmz@nasa.gov,+420565960354,69298 Ridgeview Terrace,Mjamaoué,,false,none,Marsha McPherson,Marsha McPherson,,2025-09-30,false,4,3
829,Kingsly,Schermick,Male,9331,1934-08-30,2025-10-05,kschermickn0@amazon.co.jp,+420755891702,80185 Claremont Park,Neepawa,H3Z,false,none,Kingsly Schermick,Kingsly Schermick,"Praesent blandit. Nam nulla. Integer pede justo, lacinia eget, tincidunt eget, tempus vel, pede.

Morbi porttitor lorem id ligula. Suspendisse ornare consequat lectus. In est risus, auctor sed, tristique in, tempus sit amet, sem.",2020-06-13,false,3,7
830,Chicky,Currey,Male,719,1967-12-27,,ccurreyn1@lycos.com,+420394501331,54837 Shopko Lane,Colmeal,3070-094,true,four,,Chicky Currey,,2020-05-19,false,2,16
831,Colet,Bernardos,Male,7122,1951-11-03,,cbernardosn2@google.co.uk,,80128 Meadow Vale Center,Isiro,,false,two,Colet Bernardos,Colet Bernardos,"Suspendisse potenti. In eleifend quam a odio. In hac habitasse platea dictumst.

Maecenas ut massa quis augue luctus tincidunt. Nulla mollis molestie lorem. Quisque ut erat.",2018-12-16,true,1,1
832,Prudi,Likly,Female,1294,1927-06-19,2016-06-18,pliklyn3@sohu.com,+420146313919,02097 Vahlen Street,Sịa,,false,four,Prudi Likly,Prudi Likly,,2021-09-25,true,1,7
833,Gert,Grant,Female,963,1933-12-24,2018-03-26,ggrantn4@cloudflare.com,+420998461893,3 Kipling Avenue,Weiting,,true,two,Gert Grant,Gert Grant,,2019-10-14,false,4,11
834,Emogene,Bazire,Female,3849,1922-01-10,,ebaziren5@liveinternet.ru,+420260643217,4162 Maryland Avenue,Konstantynów,21-543,false,three,Emogene Bazire,Emogene Bazire,"Suspendisse potenti. In eleifend quam a odio. In hac habitasse platea dictumst.

Maecenas ut massa quis augue luctus tincidunt. Nulla mollis molestie lorem. Quisque ut erat.

Curabitur gravida nisi at nibh. In hac habitasse platea dictumst. Aliquam augue quam, sollicitudin vitae, consectetuer eget, rutrum at, lorem.",2024-04-17,false,4,1
835,Oby,Apfelmann,Male,5234,1973-12-29,,oapfelmannn6@kickstarter.com,,279 Rieder Court,Nancy,54009 CEDEX,false,three,,Oby Apfelmann,"Maecenas leo odio, condimentum id, luctus nec, molestie sed, justo. Pellentesque viverra pede ac diam. Cras pellentesque volutpat dui.

Maecenas tristique, est et tempus semper, est quam pharetra magna, ac consequat metus sapien ut nunc. Vestibulum ante ipsum primis in faucibus orci luctus et ultrices posuere cubilia Curae; Mauris viverra diam vitae quam. Suspendisse potenti.

Nullam porttitor lacus at turpis. Donec posuere metus vitae ipsum. Aliquam non mauris.",2025-04-16,false,4,21
836,Emanuele,McArt,Male,7367,1952-03-25,,emcartn7@free.fr,+420584047283,7 Weeping Birch Junction,Gurgurnica,7314,false,one,Emanuele McArt,,,2022-07-24,true,1,1
837,Radcliffe,Nursey,Male,6620,1966-10-24,,rnurseyn8@wikipedia.org,+420976359175,2516 Hansons Plaza,Lahān,,true,two,Radcliffe Nursey,Radcliffe Nursey,,2025-06-08,true,2,2
838,Mallissa,Andree,Female,3359,1963-06-15,,,+420594157155,8613 Mockingbird Road,Gangmei,,true,four,Mallissa Andree,Mallissa Andree,,2018-07-15,true,3,12
839,Auberta,Jado,Female,2549,1933-08-19,2025-07-23,ajadona@auda.org.au,,07780 Carioca Avenue,Gijon,33204,false,three,Auberta Jado,Auberta Jado,,2015-05-27,true,3,18
840,Dick,Lazell,Male,821,1928-03-14,,,+420534409716,3283 Farwell Trail,Tiexi,,false,two,Dick Lazell,Dick Lazell,,2016-11-07,false,2,20
841,Dino,Cicchillo,Male,3508,1951-02-16,,,+420681639550,7 Darwin Street,Curuzú Cuatiá,3466,false,two,Dino Cicchillo,Dino Cicchillo,,2017-03-21,true,1,9
842,Graig,Cottu,Male,2787,1970-08-25,2011-06-28,gcottund@simplemachines.org,,072 Thackeray Court,Lingxi,,false,none,,Graig Cottu,,2023-12-01,true,4,3
843,Corny,Zoane,Female,7130,1927-05-06,2006-11-21,,,463 High Crossing Road,Kangxung,,true,four,,Corny Zoane,,2023-12-17,true,2,7
844,Lawton,Castells,Male,4211,1954-12-19,,,+420607623837,34 Mitchell Center,Xiaojiezi,,false,two,,Lawton Castells,,2023-01-21,true,3,4
845,Dwayne,Cluff,Male,6018,1941-05-16,,dcluffng@goodreads.com,,0 Burning Wood Drive,Sosnówka,58-564,false,three,Dwayne Cluff,Dwayne Cluff,,2016-05-06,true,1,2
846,Mae,Toma,Female,9201,1948-03-13,2008-03-10,mtomanh@sogou.com,,153 Vidon Alley,Bessonovka,347502,true,four,Mae Toma,Mae Toma,,2025-05-14,true,2,14
847,Shurlock,Vasilyevski,Male,9091,1960-06-30,2011-02-26,svasilyevskini@ameblo.jp,+420579093451,64876 Canary Avenue,Sunan,,false,two,Shurlock Vasilyevski,Shurlock Vasilyevski,,2023-08-02,true,3,3
848,Clea,Dansey,Female,9473,1967-12-26,,cdanseynj@addtoany.com,+420768114512,20790 6th Center,Mercedes,3470,false,none,,Clea Dansey,,2016-01-23,false,1,1
849,Zita,Juliff,Female,4608,1938-03-03,,zjuliffnk@list-manage.com,,5 Bartillon Hill,Touho,98831,false,three,Zita Juliff,Zita Juliff,,2017-05-20,true,1,2
850,Vale,Krop,Female,3351,1973-06-23,2020-07-24,,+420936923794,07507 Tomscot Hill,Prado Siongco,6415,false,none,Vale Krop,,,2016-03-27,true,2,12
851,Dolly,Timewell,Female,1941,1954-01-18,,,,1 Crest Line Hill,Kyaka,,true,two,Dolly Timewell,,,2025-07-04,true,4,20
852,Eustacia,Gorrissen,Female,9738,1950-03-02,,egorrissennn@answers.com,+420049269826,23178 Schmedeman Place,Linhares,29900-000,true,two,Eustacia Gorrissen,Eustacia Gorrissen,,2017-05-19,true,3,7
853,Moises,Leisk,Male,2769,1940-03-08,2025-08-27,,+420298959513,00413 Blaine Court,Kobylin,63-740,false,three,Moises Leisk,Moises Leisk,"In hac habitasse platea dictumst. Etiam faucibus cursus urna. Ut tellus.

Nulla ut erat id mauris vulputate elementum. Nullam varius. Nulla facilisi.

Cras non velit nec nisi vulputate nonummy. Maecenas tincidunt lacus at velit. Vivamus vel nulla eget eros elementum pellentesque.",2023-03-07,false,4,16
854,Arvin,Brizland,Male,5362,1944-08-28,,abrizlandnp@businessweek.com,+420409855516,33 Maple Wood Trail,Kohāt,26301,false,four,,Arvin Brizland,"Vestibulum ac est lacinia nisi venenatis tristique. Fusce congue, diam id ornare imperdiet, sapien urna pretium nisl, ut volutpat sapien arcu sed augue. Aliquam erat volutpat.

In congue. Etiam justo. Etiam pretium iaculis justo.

In hac habitasse platea dictumst. Etiam faucibus cursus urna. Ut tellus.",2015-07-09,false,3,13
855,Leonelle,Buntain,Female,1395,1947-01-23,,lbuntainnq@photobucket.com,+420972858134,9516 Northwestern Drive,Agualva,9760-016,true,two,,Leonelle Buntain,,2020-06-05,false,1,3
856,Vonny,Cooksley,Female,7852,1941-12-06,,vcooksleynr@eepurl.com,+420753673206,97 Texas Way,Lesozavodsk,431435,true,three,,,,2023-10-14,true,3,16
857,Verne,Fennick,Male,2227,1926-03-09,,vfennickns@imdb.com,+420346712210,22 Kim Pass,Qiaolin,,true,three,Verne Fennick,,,2019-05-25,true,2,19
858,Felice,Brayshay,Female,3029,1975-11-08,,fbrayshaynt@cam.ac.uk,+420804695689,270 Sunnyside Center,Kuching,93916,false,two,Felice Brayshay,Felice Brayshay,,2018-11-12,false,3,9
859,Arel,Netti,Male,5145,1931-02-01,2025-03-06,,+420072987173,1 Arkansas Terrace,Shangfang,,false,none,Arel Netti,Arel Netti,,2024-09-28,false,1,18
860,Cointon,Oscroft,Male,1543,1933-01-28,,coscroftnv@photobucket.com,+420237245998,0470 Ridgeview Court,Tongyangdao,,true,three,Cointon Oscroft,Cointon Oscroft,,2025-08-24,false,4,7
861,Roshelle,Jeff,Female,4612,1974-12-02,,rjeffnw@elegantthemes.com,+420057502067,3 Butterfield Circle,Idah,,false,two,Roshelle Jeff,,,2019-01-29,false,3,5
862,Zorana,Franklen,Female,9792,1945-10-12,,zfranklennx@deliciousdays.com,,21 Victoria Alley,Loma Bonita,41240,false,none,Zorana Franklen,Zorana Franklen,,2017-06-19,true,4,5
863,Elfreda,Grace,Female,9961,1930-12-10,,egraceny@woothemes.com,+420730275192,77 Hanson Terrace,Bacolod,9205,false,none,Elfreda Grace,Elfreda Grace,,2019-07-23,false,3,3
864,Farley,Clutram,Male,3747,1967-02-25,,fclutramnz@goo.gl,+420154408056,2292 Blaine Parkway,Libas,8418,true,none,Farley Clutram,Farley Clutram,"In quis justo. Maecenas rhoncus aliquam lacus. Morbi quis tortor id nulla ultrices aliquet.

Maecenas leo odio, condimentum id, luctus nec, molestie sed, justo. Pellentesque viverra pede ac diam. Cras pellentesque volutpat dui.

Maecenas tristique, est et tempus semper, est quam pharetra magna, ac consequat metus sapien ut nunc. Vestibulum ante ipsum primis in faucibus orci luctus et ultrices posuere cubilia Curae; Mauris viverra diam vitae quam. Suspendisse potenti.",2018-06-07,true,1,20
865,Willa,Sendley,Female,2002,1958-09-02,,wsendleyo0@live.com,+420822203138,77 Pepper Wood Circle,Nanguzhuang,,false,two,Willa Sendley,,,2019-06-16,true,1,9
866,Ingelbert,Crush,Male,6446,1935-11-06,,icrusho1@dion.ne.jp,,9348 Village Green Terrace,Yancheng,,true,three,Ingelbert Crush,Ingelbert Crush,,2015-06-25,true,2,6
867,Torie,Mattingson,Female,1571,1959-08-19,,,,045 Cody Place,Puyo,,true,two,Torie Mattingson,,,2023-09-14,false,1,4
868,Gratiana,Probbin,Female,5717,1942-01-02,2019-02-05,gprobbino3@microsoft.com,+420128079588,15 1st Crossing,Sindangrasa,,true,four,Gratiana Probbin,Gratiana Probbin,Aenean lectus. Pellentesque eget nunc. Donec quis orci eget orci vehicula condimentum.,2018-07-19,false,2,12
869,Elia,Woolland,Male,8532,1958-05-23,2008-10-29,ewoollando4@spotify.com,+420222772063,963 Hazelcrest Crossing,Heshang,,true,three,,,,2016-02-07,true,2,10
870,Hortensia,Echlin,Female,9497,1960-05-15,,hechlino5@timesonline.co.uk,+420400455919,07 Hallows Junction,Gusev,238056,true,one,Hortensia Echlin,Hortensia Echlin,,2015-02-19,false,1,20
871,Arnoldo,Broadfield,Male,2197,1923-05-04,,abroadfieldo6@newsvine.com,+420130374765,524 Montana Center,Tangalla,82200,false,one,Arnoldo Broadfield,Arnoldo Broadfield,,2021-08-26,true,3,4
872,Norrie,Hayworth,Male,9661,1957-12-10,,nhaywortho7@wordpress.org,+420452259928,7890 Corscot Plaza,Mehrān,,false,three,Norrie Hayworth,Norrie Hayworth,,2015-07-14,true,2,5
873,Ketty,Nortcliffe,Female,7188,1937-09-24,2013-03-24,knortcliffeo8@gnu.org,+420801902135,0861 Alpine Point,Luopioinen,36760,false,two,Ketty Nortcliffe,Ketty Nortcliffe,,2023-04-29,false,3,21
874,Gusty,Francescone,Female,294,1964-01-15,,gfrancesconeo9@networksolutions.com,,95295 Columbus Parkway,Bieto,,false,none,,Gusty Francescone,,2019-01-05,false,4,12
875,Blaine,Reece,Male,4730,1956-06-20,,breeceoa@scribd.com,,39687 Lake View Hill,Huoshaodian,,true,none,Blaine Reece,,,2015-05-04,false,4,14
876,Jessalin,Hailwood,Female,6787,1923-01-23,,jhailwoodob@fotki.com,+420467501804,46625 Superior Point,Ystad,271 60,false,three,Jessalin Hailwood,Jessalin Hailwood,,2019-03-12,true,2,14
877,Beatrisa,Holmyard,Female,7929,1970-07-25,,bholmyardoc@mac.com,+420491740276,588 Karstens Way,Wuxia,,false,one,,Beatrisa Holmyard,"Fusce consequat. Nulla nisl. Nunc nisl.

Duis bibendum, felis sed interdum venenatis, turpis enim blandit mi, in porttitor pede justo eu massa. Donec dapibus. Duis at velit eu est congue elementum.",2015-09-07,true,4,16
878,Kath,Bradmore,Female,1233,1945-12-29,,kbradmoreod@nytimes.com,+420173695726,2757 Cottonwood Point,Severodvinsk,164509,false,none,Kath Bradmore,Kath Bradmore,,2016-06-02,true,3,21
879,Ealasaid,France,Female,5225,1966-03-25,2009-07-15,efranceoe@booking.com,,82 Carpenter Junction,Solna,171 43,false,one,Ealasaid France,,,2020-01-01,false,4,3
880,Austen,Medford,Male,16,1943-12-29,,amedfordof@paypal.com,+420940726940,78521 Larry Way,Biliran,6549,false,two,Austen Medford,Austen Medford,,2020-08-14,true,1,12
881,Salim,Rubinsky,Male,5109,1959-12-22,,,+420585304911,2 Lakewood Gardens Plaza,Karangpapak,,true,one,Salim Rubinsky,Salim Rubinsky,,2016-03-01,false,1,4
882,Helli,Nestoruk,Female,3315,1972-08-07,,hnestorukoh@skype.com,+420318358427,4 Pine View Crossing,Jiufeng,,false,three,,Helli Nestoruk,,2019-08-18,false,3,19
883,Naoma,Williscroft,Female,8865,1935-05-12,,nwilliscroftoi@illinois.edu,+420292939564,992 Twin Pines Pass,Gading,,false,four,,Naoma Williscroft,,2015-07-05,false,3,12
884,Garold,Philson,Male,5766,1923-12-12,,gphilsonoj@furl.net,+420191278201,0651 Muir Point,Hanban,,true,one,,,,2024-05-30,true,4,14
885,Claudianus,Fern,Male,7910,1929-01-09,,cfernok@upenn.edu,+420948902682,65 Fieldstone Pass,Cimaragas,,true,none,Claudianus Fern,Claudianus Fern,,2025-04-23,false,1,13
886,Roshelle,Gooly,Female,4139,1951-03-11,,,+420015789682,820 Parkside Way,Kunjāh,55151,true,four,Roshelle Gooly,Roshelle Gooly,,2021-09-25,false,4,17
887,Rodolfo,Gaines,Male,4259,1937-12-05,,rgainesom@opera.com,+420692487649,45021 Cottonwood Alley,Surkhakhi,386147,false,three,Rodolfo Gaines,,"Cras mi pede, malesuada in, imperdiet et, commodo vulputate, justo. In blandit ultrices enim. Lorem ipsum dolor sit amet, consectetuer adipiscing elit.",2022-02-07,false,4,16
888,Pietrek,Crinidge,Male,468,1958-04-09,,pcrinidgeon@springer.com,,6 7th Lane,Huashu,,false,two,Pietrek Crinidge,Pietrek Crinidge,,2024-12-31,true,2,15
889,Craggy,Defew,Male,4770,1925-04-17,2019-08-28,cdefewoo@ox.ac.uk,+420893298454,3859 Elka Plaza,Ponggeok,,false,none,Craggy Defew,Craggy Defew,,2018-04-09,true,1,4
890,Delmer,Gawn,Male,3579,1972-02-27,,dgawnop@wix.com,+420141043502,0957 Mcbride Junction,Kentau,,true,four,Delmer Gawn,,,2020-01-04,true,3,21
891,Beatriz,Stebbings,Female,2990,1961-11-25,,bstebbingsoq@sbwire.com,+420121990147,6317 Prentice Pass,Paris 15,75902 CEDEX 15,false,two,Beatriz Stebbings,Beatriz Stebbings,,2018-04-15,false,4,11
892,Cord,Potteridge,Male,835,1973-01-29,,cpotteridgeor@bloglines.com,,9125 Talmadge Junction,Sinilian First,2509,false,four,Cord Potteridge,Cord Potteridge,,2023-03-02,false,2,22
893,Gaven,Kleinpeltz,Male,4367,1967-06-24,2024-04-25,gkleinpeltzos@intel.com,+420587847327,11746 Waxwing Center,Jiefu,,true,four,Gaven Kleinpeltz,,,2023-08-07,false,1,8
894,Sidnee,Loft,Male,899,1936-09-22,,,,511 Charing Cross Junction,Kratovo,142452,false,two,Sidnee Loft,Sidnee Loft,,2018-12-22,true,2,12
895,Creighton,Warboys,Male,7393,1949-01-08,,cwarboysou@edublogs.org,+420043035327,52 Schmedeman Road,Kihangara,,false,one,,,,2022-05-14,true,4,18
896,Pasquale,Gurery,Male,4349,1940-03-17,,pgureryov@furl.net,+420353803629,12879 Acker Avenue,Ntaur Satu,,false,none,Pasquale Gurery,Pasquale Gurery,,2016-09-29,true,2,7
897,Salvador,Merricks,Male,3790,1932-03-07,,smerricksow@netscape.com,+420657736829,50580 Morningstar Plaza,Nueva Imperial,,false,one,,Salvador Merricks,,2022-03-26,true,4,23
898,Blakeley,Jerdan,Female,4842,1968-02-29,2018-08-12,bjerdanox@psu.edu,+420241948621,04 Kinsman Circle,Barra Bonita,17340-000,true,three,Blakeley Jerdan,Blakeley Jerdan,,2020-04-04,false,1,21
899,Archibold,Sorro,Male,6885,1970-04-20,,asorrooy@tumblr.com,+420783981229,0 Duke Center,Mungging,,false,none,Archibold Sorro,Archibold Sorro,,2020-05-09,true,1,3
900,Norton,Sexten,Male,9167,1963-04-16,,nsextenoz@reuters.com,+420203467502,11 Oxford Road,Xianxi,,true,three,,Norton Sexten,,2021-04-30,true,4,22
901,Vilma,Abbots,Female,1362,1928-11-28,,vabbotsp0@walmart.com,+420842039350,71480 Manitowish Plaza,Nabīnagar,3410,false,four,Vilma Abbots,Vilma Abbots,,2022-11-30,false,2,24
902,Jinny,Skill,Female,7748,1921-05-19,2017-06-01,,+420976076767,2273 Onsgard Point,Santa Clara La Laguna,07007,false,two,,Jinny Skill,,2020-06-03,false,1,13
903,Gene,Swinglehurst,Male,8001,1926-11-08,2005-05-17,gswinglehurstp2@edublogs.org,,560 Dryden Parkway,Chociwel,73-120,true,one,Gene Swinglehurst,Gene Swinglehurst,,2025-06-03,true,4,24
904,Kelsey,Gurnell,Male,7026,1930-02-21,,kgurnellp3@redcross.org,+420177405777,7 Portage Avenue,Palmitas,,true,one,Kelsey Gurnell,Kelsey Gurnell,,2015-05-10,true,1,3
905,Godfry,Martinez,Male,7303,1939-01-07,,,+420180029983,2 Springview Court,Lamawan,,true,three,Godfry Martinez,Godfry Martinez,,2021-05-10,true,2,12
906,Milty,Stukings,Male,8078,1951-02-20,,,+420474138085,1199 Troy Avenue,Laranjal Paulista,18500-000,false,three,,,,2017-10-17,false,3,20
907,Godfrey,Guy,Male,6957,1972-03-20,,gguyp6@w3.org,,641 Springs Park,Priupskiy,102042,false,one,Godfrey Guy,Godfrey Guy,,2024-01-16,false,1,3
908,Rossie,Bratchell,Male,6010,1969-04-13,2009-12-26,,+420018309349,05204 Magdeline Plaza,Yulin,,false,none,,Rossie Bratchell,,2018-01-25,true,3,1
909,Bailie,Jaray,Male,9616,1935-11-24,,,+420301842618,94644 Arkansas Alley,Molinos,,true,three,Bailie Jaray,Bailie Jaray,,2024-01-06,false,1,8
910,Sylas,Hyndson,Male,2436,1960-02-06,,shyndsonp9@cnet.com,+420681651830,9 Larry Street,Jianyangping,,false,four,Sylas Hyndson,Sylas Hyndson,,2023-10-21,true,4,18
911,Jessamine,Rickardsson,Female,3585,1930-11-29,,jrickardssonpa@nps.gov,+420869150512,33 Marquette Lane,Drumcondra,D11,false,three,Jessamine Rickardsson,Jessamine Rickardsson,,2022-01-23,false,1,23
912,Gawen,Latus,Male,9080,1967-03-05,,glatuspb@cmu.edu,+420850426027,989 Farragut Avenue,Las Tejerías,,false,one,Gawen Latus,Gawen Latus,,2025-10-19,false,4,6
913,Amaleta,Dutnall,Female,7320,1956-06-07,,adutnallpc@ibm.com,+420755774709,5594 Cody Way,Kariya,969-1619,false,three,Amaleta Dutnall,,,2015-07-27,true,3,4
914,Ruddie,Skippen,Male,2717,1966-11-05,,rskippenpd@simplemachines.org,+420169086552,77833 Granby Alley,Sete Cidades,9555-197,true,four,,Ruddie Skippen,,2021-05-25,true,2,24
915,Doug,Botly,Male,9584,1936-12-26,,dbotlype@hexun.com,+420269925519,5 Talmadge Street,Solntsevo,243429,false,one,Doug Botly,Doug Botly,,2016-09-07,true,2,22
916,Elva,Geal,Female,9350,1974-10-12,2018-06-14,,+420248103347,73 Maywood Hill,Orita Eruwa,,false,four,Elva Geal,Elva Geal,,2022-11-30,false,1,2
917,Mabel,L'argent,Female,9207,1960-10-06,,mlargentpg@pagesperso-orange.fr,+420658414814,93538 Fuller Junction,Sölvesborg,294 95,false,three,Mabel L'argent,Mabel L'argent,,2015-04-16,true,3,21
918,Sallie,Smittoune,Female,2610,1952-08-10,2010-09-04,,+420835650903,31573 Karstens Point,Huangling,,true,two,,Sallie Smittoune,,2017-01-26,true,4,17
919,Shirlene,Duffus,Female,4737,1968-06-27,,,+420264069137,14 Talisman Lane,Capiíbary,,false,one,Shirlene Duffus,Shirlene Duffus,,2016-04-24,true,4,9
920,Stanfield,Alwin,Male,4206,1927-02-26,2025-06-04,salwinpj@imageshack.us,,6069 Talisman Street,Yuqian,,true,four,Stanfield Alwin,Stanfield Alwin,,2024-05-11,false,4,12
921,Jules,Stinson,Male,9152,1961-04-07,,,+420494178832,3688 Brentwood Terrace,Rogóźno,86-318,false,one,,Jules Stinson,,2024-02-02,true,3,12
922,Kale,Sandiland,Male,6758,1956-07-19,2006-03-05,,,912 Fisk Place,Baiguo,,false,one,Kale Sandiland,Kale Sandiland,,2024-06-02,true,4,12
923,Saxon,Mulligan,Male,9302,1940-12-18,,,,332 Dahle Junction,Kokaj,,false,one,Saxon Mulligan,Saxon Mulligan,,2017-11-16,true,1,20
924,Harold,Dainty,Male,3258,1964-09-22,2021-11-15,hdaintypn@meetup.com,+420389671016,35147 Hollow Ridge Circle,Jiantou,,false,three,,Harold Dainty,,2015-08-22,true,3,10
925,Dame,Duffitt,Male,2724,1961-07-21,,,+420093358166,45 Roth Alley,Kasugai,488-0884,false,two,Dame Duffitt,Dame Duffitt,,2021-05-23,false,2,21
926,Amaleta,Buckel,Female,8612,1926-12-15,,abuckelpp@nydailynews.com,+420035949694,1 Birchwood Court,Janowice,33-115,false,three,Amaleta Buckel,Amaleta Buckel,,2022-07-30,false,2,17
927,Read,Corris,Male,2577,1975-05-16,,rcorrispq@microsoft.com,,95844 Florence Avenue,München,81373,true,one,,Read Corris,,2025-06-18,false,2,4
928,Ansell,McRoberts,Male,9052,1944-03-06,,amcrobertspr@weather.com,,965 Merrick Parkway,Sindangheula,,true,one,Ansell McRoberts,,,2023-03-09,false,4,18
929,Renata,Blazewicz,Female,5235,1920-03-20,,rblazewiczps@cdc.gov,+420533940524,5 Caliangt Court,El Hamma,,true,four,,Renata Blazewicz,,2022-05-17,false,3,18
930,Lidia,McKenna,Female,5844,1924-02-19,2018-08-08,lmckennapt@businessweek.com,+420079023815,9042 Merchant Point,Ibshawāy,,true,none,Lidia McKenna,Lidia McKenna,,2023-03-27,true,3,2
931,Francine,Slator,Female,7532,1958-09-08,,,,55473 Hanson Parkway,Kakhovka,,true,three,Francine Slator,Francine Slator,,2023-07-09,true,1,12
932,Sissy,MacGiffin,Female,1933,1963-01-15,,smacgiffinpv@prweb.com,+420797014385,7025 Karstens Terrace,Spirovo,422338,false,one,Sissy MacGiffin,Sissy MacGiffin,,2018-11-03,true,2,7
933,Netta,Flecknell,Female,1269,1928-08-13,,nflecknellpw@google.es,+420707514468,0 Oneill Center,Kuala Terengganu,20576,true,three,Netta Flecknell,Netta Flecknell,,2022-01-10,false,1,16
934,Dimitri,Benedito,Male,2755,1958-02-11,,dbeneditopx@123-reg.co.uk,+420898633281,43280 Grasskamp Plaza,Vologda,160034,false,none,Dimitri Benedito,Dimitri Benedito,,2016-01-21,false,3,15
935,Ruggiero,Reddish,Male,5148,1961-11-13,2024-11-26,rreddishpy@squidoo.com,,28280 Kim Hill,Bègles,33324 CEDEX,false,two,Ruggiero Reddish,Ruggiero Reddish,,2019-01-20,true,3,19
936,Gordan,Yanyushkin,Male,1657,1961-03-20,,,+420290560276,60776 Nova Lane,Baoxu,,true,four,Gordan Yanyushkin,Gordan Yanyushkin,,2020-04-22,false,3,15
937,Hulda,Gillogley,Female,2093,1971-03-07,,,+420202736803,14 Farragut Drive,Uchkeken,369394,true,one,Hulda Gillogley,Hulda Gillogley,,2017-09-12,false,2,21
938,Rudolph,Fredi,Male,7701,1962-07-07,,rfrediq1@themeforest.net,+420717554062,58 Donald Avenue,Zhangzhen,,true,four,Rudolph Fredi,Rudolph Fredi,,2023-02-01,true,1,23
939,Giacinta,Allcoat,Female,1257,1958-03-07,,,+420328035997,58276 Amoth Point,Jiaobei,,true,none,Giacinta Allcoat,Giacinta Allcoat,,2016-08-01,false,4,2
940,Ilyse,Gawke,Female,4767,1926-05-17,2010-08-11,igawkeq3@craigslist.org,,03823 Lawn Trail,São Paio de Seide,4770-665,true,two,Ilyse Gawke,Ilyse Gawke,,2021-10-22,true,1,20
941,Joachim,Labrom,Male,1834,1972-05-26,2016-09-27,jlabromq4@is.gd,+420587605292,1061 Petterle Road,Regla,,true,none,Joachim Labrom,Joachim Labrom,,2024-01-21,true,2,9
942,Kevin,Leger,Male,2928,1953-05-05,,klegerq5@chronoengine.com,,3663 Westridge Junction,Orlândia,14620-000,false,two,Kevin Leger,,,2015-02-08,true,1,17
943,Ronnie,Davidsohn,Female,7732,1953-03-29,,rdavidsohnq6@tmall.com,+420836232260,6206 Maywood Street,Simrishamn,272 24,false,one,Ronnie Davidsohn,Ronnie Davidsohn,,2019-01-27,true,2,21
944,Valene,Drage,Female,2377,1940-12-25,2009-05-02,,+420767483936,794 Comanche Parkway,Kalipare,,false,four,Valene Drage,Valene Drage,,2017-01-31,false,2,6
945,Vere,Bushel,Female,6926,1949-07-03,,,+420324156579,401 Browning Street,Tennō,492-8204,false,four,Vere Bushel,Vere Bushel,,2017-11-07,true,3,14
946,Cesaro,Sherbrooke,Male,653,1957-05-25,,,+420808620407,8 Springs Lane,Sovetskaya,692854,true,two,Cesaro Sherbrooke,Cesaro Sherbrooke,,2016-12-04,false,4,1
947,Effie,MacSkeaghan,Female,1437,1921-02-27,2014-05-08,emacskeaghanqa@nature.com,,9178 Bayside Hill,Pingdong,,true,three,Effie MacSkeaghan,Effie MacSkeaghan,,2018-07-08,false,2,5
948,Kimmi,Alyutin,Female,957,1960-02-08,,kalyutinqb@dell.com,,1 Westport Avenue,Santa Lucia,2712,true,one,,Kimmi Alyutin,,2017-10-06,true,1,17
949,Lamont,Wisniewski,Male,1479,1924-07-29,,lwisniewskiqc@china.com.cn,+420217700006,10868 Main Road,Santa Bárbara de Padrões,7780-460,false,one,,Lamont Wisniewski,,2023-10-11,true,3,7
950,Zelig,Mortell,Male,2171,1938-01-29,2020-10-30,,+420502450090,4 Clyde Gallagher Circle,Danderyd,182 34,false,two,,Zelig Mortell,,2016-11-09,true,1,11
951,Dotti,Eastmead,Female,8046,1922-02-13,,,+420898890613,201 Green Street,Hongxingqiao,,false,three,Dotti Eastmead,Dotti Eastmead,,2023-11-21,true,4,9
952,Tomasine,Larkcum,Female,3054,1955-01-14,,,+420200006084,3782 Esker Street,Caraga,3710,true,four,,Tomasine Larkcum,,2018-07-05,true,4,18
953,Harlan,Shields,Male,2377,1948-02-28,,,+420059399386,930 Sommers Hill,Cordeiro,28540-000,true,one,Harlan Shields,Harlan Shields,,2015-02-08,false,2,6
954,Conrade,Henrique,Male,4170,1973-10-02,,chenriqueqh@sakura.ne.jp,,69 Meadow Ridge Circle,Liuzuo,,false,one,Conrade Henrique,Conrade Henrique,"Quisque porta volutpat erat. Quisque erat eros, viverra eget, congue eget, semper rutrum, nulla. Nunc purus.

Phasellus in felis. Donec semper sapien a libero. Nam dui.

Proin leo odio, porttitor id, consequat in, consequat ut, nulla. Sed accumsan felis. Ut at dolor quis odio consequat varius.",2015-11-21,false,3,8
955,Billye,Lardez,Female,3579,1966-05-31,2019-06-28,blardezqi@npr.org,+420452755445,459 Laurel Pass,Ranot,90140,false,one,,Billye Lardez,,2021-02-12,true,3,5
956,Orrin,Storch,Male,1505,1928-05-22,,ostorchqj@economist.com,+420439996276,504 Gerald Court,Macayug,5417,false,four,Orrin Storch,,,2025-06-03,false,3,18
957,Gert,Winley,Female,7628,1965-11-18,2013-06-30,,+420125433710,7 Lillian Park,Pudong,,false,two,,Gert Winley,,2015-04-01,false,3,9
958,Wilie,Strover,Female,3881,1940-06-16,,wstroverql@cdc.gov,+420207606002,7926 Brickson Park Center,Dalang,,true,none,Wilie Strover,Wilie Strover,,2020-01-03,false,4,10
959,Mariquilla,Gawith,Female,5868,1954-02-16,2012-10-18,mgawithqm@imgur.com,+420246423134,1431 Heath Street,Chengzhong,,false,two,Mariquilla Gawith,Mariquilla Gawith,"Integer ac leo. Pellentesque ultrices mattis odio. Donec vitae nisi.

Nam ultrices, libero non mattis pulvinar, nulla pede ullamcorper augue, a suscipit nulla elit ac nulla. Sed vel enim sit amet nunc viverra dapibus. Nulla suscipit ligula in lacus.

Curabitur at ipsum ac tellus semper interdum. Mauris ullamcorper purus sit amet nulla. Quisque arcu libero, rutrum ac, lobortis vel, dapibus at, diam.",2018-02-20,false,2,24
960,Gannon,Madner,Male,7152,1939-11-01,,gmadnerqn@weebly.com,+420197388912,110 Almo Terrace,Sumurwaru,,true,three,Gannon Madner,Gannon Madner,"Cras mi pede, malesuada in, imperdiet et, commodo vulputate, justo. In blandit ultrices enim. Lorem ipsum dolor sit amet, consectetuer adipiscing elit.",2015-07-29,true,4,4
961,Katinka,Campanelle,Female,9304,1931-09-14,,kcampanelleqo@jalbum.net,+420000334505,53294 Thierer Hill,Sakerta Timur,,false,two,Katinka Campanelle,Katinka Campanelle,,2025-09-23,false,4,3
962,Keelia,Brimner,Female,9501,1924-07-29,2014-05-18,kbrimnerqp@cornell.edu,+420851864573,26618 Dovetail Circle,Sypniewo,06-216,false,two,,Keelia Brimner,,2024-01-03,false,3,22
963,Mitchel,Archanbault,Male,7190,1936-05-09,,marchanbaultqq@cam.ac.uk,+420157585541,06 Longview Place,Liangwangzhuang,,true,four,Mitchel Archanbault,,"Morbi porttitor lorem id ligula. Suspendisse ornare consequat lectus. In est risus, auctor sed, tristique in, tempus sit amet, sem.

Fusce consequat. Nulla nisl. Nunc nisl.

Duis bibendum, felis sed interdum venenatis, turpis enim blandit mi, in porttitor pede justo eu massa. Donec dapibus. Duis at velit eu est congue elementum.",2025-01-21,false,1,5
964,Wilt,Hubane,Male,4357,1962-06-29,,,+420996456099,180 Anniversary Parkway,Lagunas,,true,four,Wilt Hubane,Wilt Hubane,,2018-03-10,false,4,23
965,Lyle,Rechert,Male,1785,1937-06-03,,,+420504768788,14 Talisman Hill,Labuhantanggabesar,,true,three,,Lyle Rechert,,2019-11-25,false,2,14
966,Sharity,Nare,Female,1605,1961-08-20,,snareqt@upenn.edu,+420036860793,138 Melody Avenue,Sukasari,,true,two,Sharity Nare,Sharity Nare,,2023-04-05,false,4,10
967,Andrew,Nisbet,Male,1352,1958-06-06,,,,9 Dixon Hill,Jianghua,,true,three,Andrew Nisbet,Andrew Nisbet,,2023-09-06,false,4,13
968,Neala,Ledley,Female,9239,1950-01-10,,nledleyqv@phoca.cz,+420578235238,7626 Rieder Point,Murów,46-030,false,none,Neala Ledley,Neala Ledley,,2022-11-11,true,1,8
969,Muriel,Mably,Female,1812,1929-06-30,,,+420253034994,77854 Hayes Point,Nama,2437,false,two,,Muriel Mably,"Maecenas tristique, est et tempus semper, est quam pharetra magna, ac consequat metus sapien ut nunc. Vestibulum ante ipsum primis in faucibus orci luctus et ultrices posuere cubilia Curae; Mauris viverra diam vitae quam. Suspendisse potenti.",2023-01-04,false,1,21
970,Gareth,Ferandez,Male,7931,1943-10-21,2024-07-15,,+420664126622,501 Westridge Crossing,Vallentuna,186 53,true,four,Gareth Ferandez,Gareth Ferandez,,2024-12-22,true,4,8
971,Caresse,McPherson,Female,2217,1933-11-01,2009-06-22,,+420447304125,6916 Charing Cross Way,Samouco,2890-206,true,four,Caresse McPherson,Caresse McPherson,,2020-03-15,true,1,1
972,Stefania,McGreal,Female,7560,1924-02-25,2025-09-08,smcgrealqz@gizmodo.com,,6 Clove Point,Jinhe,,false,three,,Stefania McGreal,,2025-10-01,true,3,4
973,Othilie,Booth,Female,5296,1940-02-08,,,,9 Sugar Avenue,Sadar,,true,three,Othilie Booth,Othilie Booth,"Quisque porta volutpat erat. Quisque erat eros, viverra eget, congue eget, semper rutrum, nulla. Nunc purus.

Phasellus in felis. Donec semper sapien a libero. Nam dui.",2018-05-12,true,3,24
974,Son,Skpsey,Male,8256,1961-03-17,,sskpseyr1@ox.ac.uk,+420236978173,5 Stuart Way,Sorongan,,false,two,Son Skpsey,Son Skpsey,,2015-01-29,true,1,15
975,Vaughn,Fearney,Male,5745,1920-06-12,,,,55 Orin Way,Kunashak,456730,false,two,Vaughn Fearney,Vaughn Fearney,,2019-08-08,false,1,5
976,Hanni,Jaffrey,Female,6767,1940-08-13,,hjaffreyr3@tinypic.com,+420494102464,49 Del Mar Park,Türkmenbaşy,,true,three,Hanni Jaffrey,Hanni Jaffrey,,2016-05-23,true,4,14
977,Ronni,Cumbers,Female,4797,1954-05-27,2014-03-21,rcumbersr4@purevolume.com,,5203 Towne Street,Liloan,6612,false,four,Ronni Cumbers,Ronni Cumbers,,2019-09-06,false,3,19
978,Myrwyn,Folker,Male,8755,1930-04-10,,mfolkerr5@naver.com,+420611726813,75 Loeprich Crossing,Malainen Luma,4110,false,four,Myrwyn Folker,,,2019-03-05,false,3,19
979,Horten,Mc Ilory,Male,5443,1963-12-12,,hmciloryr6@nsw.gov.au,+420200276039,54 Moose Parkway,Bałtów,27-423,true,none,Horten Mc Ilory,,,2023-09-22,true,3,9
980,Heidi,Picott,Female,5620,1952-03-23,,hpicottr7@cbslocal.com,+420325203448,915 Schmedeman Center,Gao’an,,true,three,,,,2019-04-03,false,3,7
981,Helaina,Pearsall,Female,506,1923-10-11,,,+420891235348,495 Main Lane,Ladysmith,V9G,true,one,Helaina Pearsall,Helaina Pearsall,"Aenean lectus. Pellentesque eget nunc. Donec quis orci eget orci vehicula condimentum.

Curabitur in libero ut massa volutpat convallis. Morbi odio odio, elementum eu, interdum eu, tincidunt in, leo. Maecenas pulvinar lobortis est.

Phasellus sit amet erat. Nulla tempus. Vivamus in felis eu sapien cursus vestibulum.",2017-10-21,true,3,4
982,Chadd,Heale,Male,2052,1964-11-14,2006-01-22,chealer9@latimes.com,+420124789939,19845 Anderson Hill,Sukowono,,true,two,Chadd Heale,Chadd Heale,,2017-07-28,true,1,15
983,Nikolia,Cordner,Female,3033,1965-10-16,,,+420016500919,5 Merrick Parkway,Kalate,,true,two,,Nikolia Cordner,,2019-04-16,false,2,6
984,Hamel,Carette,Male,5211,1959-01-13,,hcaretterb@cmu.edu,,124 Scoville Pass,Lương Bằng,,true,one,Hamel Carette,Hamel Carette,,2017-10-23,true,1,8
985,Fred,Caudwell,Female,92,1934-02-14,2022-01-09,fcaudwellrc@eepurl.com,+420072653166,93 Coleman Avenue,Goascorán,,false,three,Fred Caudwell,Fred Caudwell,,2016-05-23,false,2,6
986,Desdemona,Blackey,Female,6572,1945-05-24,,,+420244368103,66877 Dayton Point,Wuxi,,false,two,Desdemona Blackey,Desdemona Blackey,,2015-12-07,false,3,3
987,Gal,Kettell,Male,4036,1928-07-30,,gkettellre@upenn.edu,,3389 Mesta Pass,Anao,2310,false,three,Gal Kettell,Gal Kettell,,2017-06-16,true,4,20
988,Alfie,Unger,Female,9503,1921-07-17,2021-07-23,aungerrf@opensource.org,+420472784616,8 Becker Center,Weekaka,,false,one,Alfie Unger,Alfie Unger,,2016-03-21,true,3,4
989,Raphael,Pledge,Male,5397,1932-01-12,,rpledgerg@diigo.com,+420142302278,226 Merchant Terrace,Dalheim,L-5687,true,none,Raphael Pledge,,,2017-11-13,true,4,21
990,Shirline,Vakhonin,Female,5150,1928-09-20,,svakhoninrh@berkeley.edu,+420529664039,70535 Twin Pines Place,La Reforma,12021,true,two,,Shirline Vakhonin,,2016-09-09,false,4,9
991,Ula,Richardet,Female,3490,1965-10-21,,urichardetri@time.com,+420376007036,7 Division Hill,Paracambi,26600-000,true,none,Ula Richardet,Ula Richardet,,2018-11-01,true,1,12
992,Kay,Mafham,Female,7996,1954-01-19,,kmafhamrj@pbs.org,+420976674472,93 Summerview Court,Nove-Misto,,true,two,Kay Mafham,Kay Mafham,,2020-08-25,false,4,18
993,Liane,Reace,Female,3364,1952-04-23,,lreacerk@columbia.edu,,6922 Pierstorff Lane,Hongos,,false,three,Liane Reace,Liane Reace,,2023-01-31,false,4,2
994,Carena,Grimsley,Female,7524,1924-09-19,,cgrimsleyrl@themeforest.net,+420868558943,70 Tomscot Terrace,Catujal Velho,2680-423,true,four,Carena Grimsley,Carena Grimsley,,2019-08-19,false,4,16
995,Marj,Dennant,Female,7762,1974-12-04,,mdennantrm@reuters.com,,514 Service Court,Tambak,6217,true,three,Marj Dennant,Marj Dennant,,2024-03-20,false,4,21
996,Merv,MacAiline,Male,7229,1925-07-03,2008-02-29,,+420361366377,96823 La Follette Place,Pailin,,false,one,,,,2019-07-13,true,2,12
997,Trudie,Tixall,Female,4470,1968-04-06,,,+420575734429,83 Dakota Road,Ryazan’,390507,false,three,Trudie Tixall,Trudie Tixall,,2017-04-26,false,2,8
998,Engelbert,Le Provest,Male,1802,1965-01-15,2020-08-12,,+420776686887,6290 Sachtjen Drive,Baitang,,true,two,Engelbert Le Provest,Engelbert Le Provest,"Vestibulum quam sapien, varius ut, blandit non, interdum in, ante. Vestibulum ante ipsum primis in faucibus orci luctus et ultrices posuere cubilia Curae; Duis faucibus accumsan odio. Curabitur convallis.",2025-09-30,false,4,11
999,Garth,Streetfield,Male,4795,1925-08-13,,gstreetfieldrq@amazon.de,+420071861445,083 Tony Lane,Pointe-à-Pitre,97019 CEDEX,true,one,Garth Streetfield,,,2021-10-16,true,1,2
1000,Porty,Cowtherd,Male,3661,1942-12-17,2014-11-06,pcowtherdrr@google.ru,+420619073612,55776 Sachtjen Lane,Obeliai,42006,true,none,Porty Cowtherd,Porty Cowtherd,,2022-02-27,false,2,8
